unit,time,treated,treatment_time,post_treatment,outcome,DID_treat
1,1,0,,0,50.870470682381715,0
1,2,0,,0,47.009926495341325,0
1,3,0,,0,50.91760776535502,0
1,4,0,,0,30.124310853991073,0
1,5,0,,0,47.80328112162488,0
1,6,0,,0,53.57112571511746,0
1,7,0,,0,64.77894044741517,0
1,8,0,,0,44.81729781726352,0
1,9,0,,0,41.91506397106812,0
1,10,0,,0,44.982429564154636,0
1,11,0,,0,59.15402117702074,0
1,12,0,,0,58.287511096596845,0
1,13,0,,0,49.70239796232961,0
1,14,0,,0,60.13267433113356,0
1,15,0,,0,55.9707754934804,0
1,16,0,,0,64.68644990532889,0
1,17,0,,0,47.979469061226474,0
1,18,0,,0,51.723378534022316,0
1,19,0,,0,51.078918468678424,0
1,20,0,,0,40.364850518678814,0
2,1,0,,0,52.96120277064576,0
2,2,0,,0,52.610552721798896,0
2,3,0,,0,50.05113456642461,0
2,4,0,,0,47.65412866624853,0
2,5,0,,0,35.84629257949586,0
2,6,0,,0,45.79354677234641,0
2,7,0,,0,46.572854834732304,0
2,8,0,,0,41.97722730778381,0
2,9,0,,0,48.387142883339905,0
2,10,0,,0,54.040508568145384,0
2,11,0,,0,68.8618590121053,0
2,12,0,,0,51.74577812831839,0
2,13,0,,0,52.57550390722764,0
2,14,0,,0,49.25554084233833,0
2,15,0,,0,30.812287847009586,0
2,16,0,,0,49.73486124550783,0
2,17,0,,0,50.60230209941027,0
2,18,0,,0,74.63242112485287,0
2,19,0,,0,48.076390352188774,0
2,20,0,,0,53.015473423336125,0
3,1,0,,0,49.65288230294757,0
3,2,0,,0,38.31321962380468,0
3,3,0,,0,61.42822814515021,0
3,4,0,,0,57.519330326867745,0
3,5,0,,0,57.910319470430466,0
3,6,0,,0,40.906125452052606,0
3,7,0,,0,64.02794310936099,0
3,8,0,,0,35.98148937207719,0
3,9,0,,0,55.868570938002705,0
3,10,0,,0,71.90455625809979,0
3,11,0,,0,40.09463674869312,0
3,12,0,,0,44.33702270397228,0
3,13,0,,0,50.99651365087641,0
3,14,0,,0,44.96524345883801,0
3,15,0,,0,34.493365689338674,0
3,16,0,,0,50.68562974806027,0
3,17,0,,0,39.37696286273895,0
3,18,0,,0,54.73592430635182,0
3,19,0,,0,40.80575765766197,0
3,20,0,,0,65.4993440501754,0
4,1,1,12.0,0,42.16746707663763,0
4,2,1,12.0,0,46.77938483794324,0
4,3,1,12.0,0,58.135172173696695,0
4,4,1,12.0,0,37.69135683566045,0
4,5,1,12.0,0,52.27459934604129,0
4,6,1,12.0,0,63.07142754282428,0
4,7,1,12.0,0,33.92516765438772,0
4,8,1,12.0,0,51.84633858532304,0
4,9,1,12.0,0,52.598827942484235,0
4,10,1,12.0,0,57.8182287177731,0
4,11,1,12.0,0,37.63049289121918,0
4,12,1,12.0,1,36.795433869157236,1
4,13,1,12.0,1,55.21941565616898,1
4,14,1,12.0,1,52.96984673233186,1
4,15,1,12.0,1,52.504928503458764,1
4,16,1,12.0,1,53.46448209496975,1
4,17,1,12.0,1,43.19975278421509,1
4,18,1,12.0,1,52.322536971610035,1
4,19,1,12.0,1,52.93072473298681,1
4,20,1,12.0,1,42.85648581973632,1
5,1,1,12.0,0,68.65774511144757,0
5,2,1,12.0,0,54.73832920911788,0
5,3,1,12.0,0,38.08696502797351,0
5,4,1,12.0,0,56.5655360863383,0
5,5,1,12.0,0,40.253183297726785,0
5,6,1,12.0,0,57.87084603742452,0
5,7,1,12.0,0,61.58595579007404,0
5,8,1,12.0,0,46.7931768164829,0
5,9,1,12.0,0,64.63376129244321,0
5,10,1,12.0,0,59.12780926936498,0
5,11,1,12.0,0,63.2206015999449,0
5,12,1,12.0,1,73.96792982653947,1
5,13,1,12.0,1,52.54611883997129,1
5,14,1,12.0,1,47.4626383564251,1
5,15,1,12.0,1,46.10485570374477,1
5,16,1,12.0,1,46.841897150345616,1
5,17,1,12.0,1,54.228982905858956,1
5,18,1,12.0,1,58.41151974816644,1
5,19,1,12.0,1,57.766907993300194,1
5,20,1,12.0,1,63.27183249036024,1
6,1,1,14.0,0,50.13001891877907,0
6,2,1,14.0,0,64.53534077157317,0
6,3,1,14.0,0,47.35343166762044,0
6,4,1,14.0,0,77.20169166589619,0
6,5,1,14.0,0,56.25667347765006,0
6,6,1,14.0,0,41.42842443583717,0
6,7,1,14.0,0,39.29107501938888,0
6,8,1,14.0,0,59.824724152431855,0
6,9,1,14.0,0,52.76537214674149,0
6,10,1,14.0,0,62.14000494092092,0
6,11,1,14.0,0,59.73237624573545,0
6,12,1,14.0,0,54.271710873431275,0
6,13,1,14.0,0,46.532062819315954,0
6,14,1,14.0,1,39.851527753141355,1
6,15,1,14.0,1,50.53485047932979,1
6,16,1,14.0,1,63.56398794323472,1
6,17,1,14.0,1,57.14093744130204,1
6,18,1,14.0,1,42.542612212880115,1
6,19,1,14.0,1,56.73180925851182,1
6,20,1,14.0,1,58.85317379728837,1
7,1,0,,0,41.16142563798867,0
7,2,0,,0,51.53725105945528,0
7,3,0,,0,50.58208718446,0
7,4,0,,0,38.57029702169377,0
7,5,0,,0,53.577873603482836,0
7,6,0,,0,60.60784526368234,0
7,7,0,,0,65.83051243175277,0
7,8,0,,0,65.53802052034902,0
7,9,0,,0,41.22330632042909,0
7,10,0,,0,45.62174960084877,0
7,11,0,,0,60.1503526720866,0
7,12,0,,0,60.13785950912209,0
7,13,0,,0,60.150476863060476,0
7,14,0,,0,93.52731490654722,0
7,15,0,,0,60.70890510693167,0
7,16,0,,0,66.35565640180599,0
7,17,0,,0,64.54001763493203,0
7,18,0,,0,61.51391251305798,0
7,19,0,,0,51.84730755359654,0
7,20,0,,0,62.589692204932675,0
8,1,0,,0,42.27174785462428,0
8,2,0,,0,47.63181393259991,0
8,3,0,,0,45.14636452170897,0
8,4,0,,0,50.81874139386323,0
8,5,0,,0,73.14658566673509,0
8,6,0,,0,31.32734807408252,0
8,7,0,,0,56.86260190374514,0
8,8,0,,0,33.87284128810349,0
8,9,0,,0,45.280681342105666,0
8,10,0,,0,60.889505969673664,0
8,11,0,,0,50.64280019095463,0
8,12,0,,0,39.22255222070694,0
8,13,0,,0,42.84696290740032,0
8,14,0,,0,56.79597748934676,0
8,15,0,,0,42.69633368282864,0
8,16,0,,0,52.16458589581975,0
8,17,0,,0,50.45571839903814,0
8,18,0,,0,43.483996523941826,0
8,19,0,,0,71.43944089325325,0
8,20,0,,0,56.33919022318011,0
9,1,0,,0,29.74857413342393,0
9,2,0,,0,51.86454314769428,0
9,3,0,,0,43.38213535231612,0
9,4,0,,0,58.52433334796224,0
9,5,0,,0,42.07479261567299,0
9,6,0,,0,48.85263558533101,0
9,7,0,,0,55.049872789804574,0
9,8,0,,0,58.657551941701215,0
9,9,0,,0,37.997035929442234,0
9,10,0,,0,46.654987641590516,0
9,11,0,,0,45.25054688839044,0
9,12,0,,0,43.46670767426288,0
9,13,0,,0,67.65454240281096,0
9,14,0,,0,54.049817109609556,0
9,15,0,,0,37.391160456649544,0
9,16,0,,0,59.17861947054776,0
9,17,0,,0,71.22156197012633,0
9,18,0,,0,60.32465260551147,0
9,19,0,,0,34.80630034045987,0
9,20,0,,0,45.15765927133749,0
10,1,0,,0,62.669111491866225,0
10,2,0,,0,42.92330534381219,0
10,3,0,,0,54.43819428146229,0
10,4,0,,0,57.74634053429337,0
10,5,0,,0,40.730695284219166,0
10,6,0,,0,49.404746439382,0
10,7,0,,0,17.58732659930927,0
10,8,0,,0,39.756123586657104,0
10,9,0,,0,47.4743184860684,0
10,10,0,,0,37.52216818035151,0
10,11,0,,0,66.32411303931636,0
10,12,0,,0,35.69858622039367,0
10,13,0,,0,45.599555133030165,0
10,14,0,,0,51.30740577286091,0
10,15,0,,0,64.41273289066116,0
10,16,0,,0,35.6413784882056,0
10,17,0,,0,61.63163752154959,0
10,18,0,,0,50.10233061019587,0
10,19,0,,0,40.18491348952049,0
10,20,0,,0,54.62103474263271,0
11,1,1,11.0,0,51.9905969557347,0
11,2,1,11.0,0,43.99783122841205,0
11,3,1,11.0,0,50.69802084990019,0
11,4,1,11.0,0,46.1468640313824,0
11,5,1,11.0,0,56.13517345251248,0
11,6,1,11.0,0,61.62130674521047,0
11,7,1,11.0,0,70.86016816145352,0
11,8,1,11.0,0,42.62184501173151,0
11,9,1,11.0,0,76.33033374656267,0
11,10,1,11.0,0,35.47912200477498,0
11,11,1,11.0,1,53.482149049644164,1
11,12,1,11.0,1,60.883172064845766,1
11,13,1,11.0,1,57.809918677350325,1
11,14,1,11.0,1,48.77300480179406,1
11,15,1,11.0,1,52.918777496427246,1
11,16,1,11.0,1,50.06999065341167,1
11,17,1,11.0,1,49.106352430557884,1
11,18,1,11.0,1,63.496020970210246,1
11,19,1,11.0,1,58.57015485965047,1
11,20,1,11.0,1,48.070904047393455,1
12,1,0,,0,58.995998754332504,0
12,2,0,,0,53.072995208766095,0
12,3,0,,0,58.1286211883896,0
12,4,0,,0,56.29628841923612,0
12,5,0,,0,41.710049890779274,0
12,6,0,,0,44.39818959803031,0
12,7,0,,0,57.472936051232615,0
12,8,0,,0,56.10370265433465,0
12,9,0,,0,49.79098406035852,0
12,10,0,,0,51.17327383308782,0
12,11,0,,0,62.77664895788425,0
12,12,0,,0,44.0842861116417,0
12,13,0,,0,55.470973811700375,0
12,14,0,,0,47.97807347566106,0
12,15,0,,0,47.8231879677278,0
12,16,0,,0,60.9877685198719,0
12,17,0,,0,58.2541634898803,0
12,18,0,,0,58.135096360006386,0
12,19,0,,0,63.05478807154329,0
12,20,0,,0,50.21003841632759,0
13,1,0,,0,56.81952971294964,0
13,2,0,,0,46.89733243406544,0
13,3,0,,0,53.24166352488442,0
13,4,0,,0,48.698569456323156,0
13,5,0,,0,50.96995964992718,0
13,6,0,,0,55.95157025436914,0
13,7,0,,0,41.81779316766527,0
13,8,0,,0,70.9238727568546,0
13,9,0,,0,39.93982618500298,0
13,10,0,,0,37.85811387212268,0
13,11,0,,0,61.581108735000676,0
13,12,0,,0,57.91662693962936,0
13,13,0,,0,56.24119817052155,0
13,14,0,,0,56.2834550926428,0
13,15,0,,0,49.87753227153085,0
13,16,0,,0,41.02745628514168,0
13,17,0,,0,50.75804558193726,0
13,18,0,,0,43.22838288487888,0
13,19,0,,0,59.75119733417751,0
13,20,0,,0,48.52942618497861,0
14,1,1,15.0,0,41.745028032074885,0
14,2,1,15.0,0,46.78614158347007,0
14,3,1,15.0,0,54.12931454275624,0
14,4,1,15.0,0,44.36275447196025,0
14,5,1,15.0,0,41.77779604433569,0
14,6,1,15.0,0,52.436872114919126,0
14,7,1,15.0,0,52.44966571108723,0
14,8,1,15.0,0,44.9305682462887,0
14,9,1,15.0,0,50.289616943816775,0
14,10,1,15.0,0,57.32049937357636,0
14,11,1,15.0,0,40.51915658502676,0
14,12,1,15.0,0,40.92536225623445,0
14,13,1,15.0,0,47.81555778747564,0
14,14,1,15.0,0,52.86552848288153,0
14,15,1,15.0,1,58.10907565598005,1
14,16,1,15.0,1,69.75356216949552,1
14,17,1,15.0,1,63.576596232020194,1
14,18,1,15.0,1,53.40061470036573,1
14,19,1,15.0,1,54.80983792097311,1
14,20,1,15.0,1,44.97470635362191,1
15,1,1,7.0,0,49.8148686400761,0
15,2,1,7.0,0,47.11341361079862,0
15,3,1,7.0,0,53.227185603380896,0
15,4,1,7.0,0,41.727690564476774,0
15,5,1,7.0,0,55.193465142411725,0
15,6,1,7.0,0,65.32738913002578,0
15,7,1,7.0,1,48.91239851543143,1
15,8,1,7.0,1,59.01711722098941,1
15,9,1,7.0,1,61.90143991711113,1
15,10,1,7.0,1,50.987795281141636,1
15,11,1,7.0,1,57.24092481810417,1
15,12,1,7.0,1,55.12592400781795,1
15,13,1,7.0,1,55.97676098548832,1
15,14,1,7.0,1,47.26990216144534,1
15,15,1,7.0,1,55.245101742589426,1
15,16,1,7.0,1,59.979982912454496,1
15,17,1,7.0,1,69.51143607795042,1
15,18,1,7.0,1,64.59270826085208,1
15,19,1,7.0,1,76.53182457511556,1
15,20,1,7.0,1,47.326524371119504,1
16,1,0,,0,58.723206367206785,0
16,2,0,,0,51.83342005738352,0
16,3,0,,0,71.89802933217672,0
16,4,0,,0,41.91701714644849,0
16,5,0,,0,41.602781578192236,0
16,6,0,,0,44.00607354555978,0
16,7,0,,0,28.76104275690193,0
16,8,0,,0,49.74244978319239,0
16,9,0,,0,47.40867338446302,0
16,10,0,,0,56.50393786476208,0
16,11,0,,0,58.41755975777159,0
16,12,0,,0,73.76170839215887,0
16,13,0,,0,64.5042383818605,0
16,14,0,,0,49.23096344337597,0
16,15,0,,0,46.01585328651642,0
16,16,0,,0,59.919191715065054,0
16,17,0,,0,41.797667929793576,0
16,18,0,,0,73.31458765854353,0
16,19,0,,0,66.79440120721287,0
16,20,0,,0,50.30824347895295,0
17,1,0,,0,32.868654709091224,0
17,2,0,,0,63.538723741654124,0
17,3,0,,0,48.85460154747382,0
17,4,0,,0,62.378163119734616,0
17,5,0,,0,34.05572341205633,0
17,6,0,,0,44.00624977046227,0
17,7,0,,0,50.05243699718183,0
17,8,0,,0,50.46980593764742,0
17,9,0,,0,45.49934528520756,0
17,10,0,,0,56.228499323474985,0
17,11,0,,0,44.32379570617405,0
17,12,0,,0,53.576205149787064,0
17,13,0,,0,56.20295631711899,0
17,14,0,,0,60.14438834058749,0
17,15,0,,0,62.1161487808889,0
17,16,0,,0,43.75357908162131,0
17,17,0,,0,39.65885829264378,0
17,18,0,,0,67.7767682189851,0
17,19,0,,0,58.323140119795916,0
17,20,0,,0,47.51513463443446,0
18,1,0,,0,65.51151975522524,0
18,2,0,,0,51.156746342928585,0
18,3,0,,0,61.792971840638266,0
18,4,0,,0,50.67518481410109,0
18,5,0,,0,70.60747924881987,0
18,6,0,,0,67.55340842443204,0
18,7,0,,0,47.51035851520926,0
18,8,0,,0,59.71570950954356,0
18,9,0,,0,56.45375949585147,0
18,10,0,,0,63.68631557532349,0
18,11,0,,0,40.35076539419896,0
18,12,0,,0,56.86051459998439,0
18,13,0,,0,60.58424486849588,0
18,14,0,,0,32.41260513576886,0
18,15,0,,0,43.16741487334225,0
18,16,0,,0,34.607678222398995,0
18,17,0,,0,52.305931655554424,0
18,18,0,,0,62.17542255795962,0
18,19,0,,0,70.02357052096028,0
18,20,0,,0,55.74094780419775,0
19,1,1,7.0,0,66.28615545571292,0
19,2,1,7.0,0,36.198985417851084,0
19,3,1,7.0,0,32.96617560644845,0
19,4,1,7.0,0,49.44452301103381,0
19,5,1,7.0,0,53.840654489393074,0
19,6,1,7.0,0,49.67305251905907,0
19,7,1,7.0,1,29.325578999601234,1
19,8,1,7.0,1,49.10879960487212,1
19,9,1,7.0,1,36.95530499495147,1
19,10,1,7.0,1,56.69672548830039,1
19,11,1,7.0,1,53.66598246096848,1
19,12,1,7.0,1,40.60120213672645,1
19,13,1,7.0,1,49.861330826633065,1
19,14,1,7.0,1,44.40786478111048,1
19,15,1,7.0,1,54.37320902726828,1
19,16,1,7.0,1,64.55142320501238,1
19,17,1,7.0,1,45.14273953664456,1
19,18,1,7.0,1,60.040465155178445,1
19,19,1,7.0,1,49.69742381627559,1
19,20,1,7.0,1,47.07127167737656,1
20,1,1,6.0,0,48.929696400454425,0
20,2,1,6.0,0,39.64757677580626,0
20,3,1,6.0,0,44.46350694652818,0
20,4,1,6.0,0,38.021221074111516,0
20,5,1,6.0,0,69.6472513291639,0
20,6,1,6.0,1,50.35263551971729,1
20,7,1,6.0,1,43.00274492007414,1
20,8,1,6.0,1,52.13979910734222,1
20,9,1,6.0,1,48.8767195030917,1
20,10,1,6.0,1,52.79030400466777,1
20,11,1,6.0,1,61.14166700043425,1
20,12,1,6.0,1,62.57507710047305,1
20,13,1,6.0,1,49.69498852389472,1
20,14,1,6.0,1,49.2418175935532,1
20,15,1,6.0,1,52.24948302848356,1
20,16,1,6.0,1,31.98078835264415,1
20,17,1,6.0,1,39.84808937801448,1
20,18,1,6.0,1,68.66874267444524,1
20,19,1,6.0,1,71.44967713501283,1
20,20,1,6.0,1,52.50963960443622,1
21,1,0,,0,55.765569630557664,0
21,2,0,,0,53.112501545435364,0
21,3,0,,0,80.78880808455239,0
21,4,0,,0,61.195749114345766,0
21,5,0,,0,48.72082408519233,0
21,6,0,,0,40.44459559399574,0
21,7,0,,0,33.93553679742428,0
21,8,0,,0,52.03463635867223,0
21,9,0,,0,42.436492547156966,0
21,10,0,,0,35.77746290402326,0
21,11,0,,0,43.534271157574736,0
21,12,0,,0,39.18451996385605,0
21,13,0,,0,66.87141635072564,0
21,14,0,,0,58.816397569494505,0
21,15,0,,0,49.92027358683383,0
21,16,0,,0,64.79944138890026,0
21,17,0,,0,50.77368307647618,0
21,18,0,,0,41.38715798671736,0
21,19,0,,0,65.23124077269657,0
21,20,0,,0,55.38910043684659,0
22,1,1,14.0,0,39.62753845673544,0
22,2,1,14.0,0,48.09661321916392,0
22,3,1,14.0,0,41.24381746615243,0
22,4,1,14.0,0,36.172002690356635,0
22,5,1,14.0,0,59.26177547531641,0
22,6,1,14.0,0,69.0941664047013,0
22,7,1,14.0,0,41.01432426180859,0
22,8,1,14.0,0,60.62969236690571,0
22,9,1,14.0,0,48.49357430878173,0
22,10,1,14.0,0,50.12874616235304,0
22,11,1,14.0,0,49.07606075761131,0
22,12,1,14.0,0,46.36009230320184,0
22,13,1,14.0,0,55.48521627944827,0
22,14,1,14.0,1,46.69049883588962,1
22,15,1,14.0,1,57.704568257798385,1
22,16,1,14.0,1,54.49761890550863,1
22,17,1,14.0,1,52.6105195313359,1
22,18,1,14.0,1,45.92436337958402,1
22,19,1,14.0,1,49.23228669431667,1
22,20,1,14.0,1,62.55391225825756,1
23,1,1,6.0,0,55.009171876243805,0
23,2,1,6.0,0,40.22444755201449,0
23,3,1,6.0,0,50.99332305429226,0
23,4,1,6.0,0,57.51387123371789,0
23,5,1,6.0,0,33.305947188786284,0
23,6,1,6.0,1,55.43360192379935,1
23,7,1,6.0,1,43.37376241054153,1
23,8,1,6.0,1,55.70598668593159,1
23,9,1,6.0,1,42.367408434574834,1
23,10,1,6.0,1,36.95117899335481,1
23,11,1,6.0,1,38.72457562116837,1
23,12,1,6.0,1,55.48084946661382,1
23,13,1,6.0,1,57.59722501721482,1
23,14,1,6.0,1,45.956833748955916,1
23,15,1,6.0,1,61.38592458777374,1
23,16,1,6.0,1,38.3847993773104,1
23,17,1,6.0,1,54.33920201352684,1
23,18,1,6.0,1,42.889838002375434,1
23,19,1,6.0,1,48.48163892197841,1
23,20,1,6.0,1,55.47398671316414,1
24,1,1,14.0,0,41.39586634716048,0
24,2,1,14.0,0,46.154444557701744,0
24,3,1,14.0,0,60.0629280921444,0
24,4,1,14.0,0,44.23108130476851,0
24,5,1,14.0,0,58.35692112065142,0
24,6,1,14.0,0,38.702931453423815,0
24,7,1,14.0,0,55.298041779152825,0
24,8,1,14.0,0,64.41568620657901,0
24,9,1,14.0,0,25.283554998727105,0
24,10,1,14.0,0,42.03104744529523,0
24,11,1,14.0,0,55.7707212718054,0
24,12,1,14.0,0,52.96954613957007,0
24,13,1,14.0,0,58.71145873371309,0
24,14,1,14.0,1,48.960148132841795,1
24,15,1,14.0,1,55.865897874729,1
24,16,1,14.0,1,53.44322764607921,1
24,17,1,14.0,1,66.67782061659807,1
24,18,1,14.0,1,57.54420843301213,1
24,19,1,14.0,1,58.37602662075202,1
24,20,1,14.0,1,50.881230338775325,1
25,1,1,10.0,0,45.123937759275066,0
25,2,1,10.0,0,45.67441812180379,0
25,3,1,10.0,0,53.944521423782966,0
25,4,1,10.0,0,45.79015519179737,0
25,5,1,10.0,0,52.89774856896413,0
25,6,1,10.0,0,70.75400798645438,0
25,7,1,10.0,0,58.711247034316926,0
25,8,1,10.0,0,46.73976467832159,0
25,9,1,10.0,0,62.012139221639444,0
25,10,1,10.0,1,45.91924626978449,1
25,11,1,10.0,1,29.61875464822146,1
25,12,1,10.0,1,39.91913689082596,1
25,13,1,10.0,1,31.292080789741444,1
25,14,1,10.0,1,51.48486515958692,1
25,15,1,10.0,1,55.184183791895514,1
25,16,1,10.0,1,71.76437312275283,1
25,17,1,10.0,1,58.269273737641626,1
25,18,1,10.0,1,52.80899471191136,1
25,19,1,10.0,1,63.294055811834895,1
25,20,1,10.0,1,32.88864690992115,1
26,1,1,14.0,0,52.356145581085656,0
26,2,1,14.0,0,57.708651938869664,0
26,3,1,14.0,0,35.214137542201584,0
26,4,1,14.0,0,61.43754043206929,0
26,5,1,14.0,0,53.38496407494414,0
26,6,1,14.0,0,45.847120860991986,0
26,7,1,14.0,0,56.32781866106285,0
26,8,1,14.0,0,72.70692857804396,0
26,9,1,14.0,0,51.81866255058495,0
26,10,1,14.0,0,52.48220586300336,0
26,11,1,14.0,0,45.40639100459756,0
26,12,1,14.0,0,41.50155630535208,0
26,13,1,14.0,0,58.303358165442454,0
26,14,1,14.0,1,41.43916174091133,1
26,15,1,14.0,1,50.715662372193925,1
26,16,1,14.0,1,45.223425532348834,1
26,17,1,14.0,1,54.78979825746392,1
26,18,1,14.0,1,53.33662105286948,1
26,19,1,14.0,1,60.375399442578995,1
26,20,1,14.0,1,44.89983601145253,1
27,1,1,15.0,0,47.30125064706629,0
27,2,1,15.0,0,40.21236284217693,0
27,3,1,15.0,0,45.55706739923888,0
27,4,1,15.0,0,53.77300493044852,0
27,5,1,15.0,0,57.56988616645352,0
27,6,1,15.0,0,40.77834675822375,0
27,7,1,15.0,0,58.6960592010566,0
27,8,1,15.0,0,68.55637858804951,0
27,9,1,15.0,0,59.13434903223701,0
27,10,1,15.0,0,73.76795812558066,0
27,11,1,15.0,0,47.26210800896427,0
27,12,1,15.0,0,42.55345296688583,0
27,13,1,15.0,0,37.212797510957216,0
27,14,1,15.0,0,69.96044311489183,0
27,15,1,15.0,1,61.54365656354058,1
27,16,1,15.0,1,54.44415329089545,1
27,17,1,15.0,1,57.799686263198204,1
27,18,1,15.0,1,43.74510952701623,1
27,19,1,15.0,1,79.45751979616827,1
27,20,1,15.0,1,56.292211819752275,1
28,1,0,,0,51.09394794604893,0
28,2,0,,0,57.25766623898692,0
28,3,0,,0,54.810092317367136,0
28,4,0,,0,52.23884024279131,0
28,5,0,,0,42.09525544554688,0
28,6,0,,0,54.714683571359956,0
28,7,0,,0,68.82024496475034,0
28,8,0,,0,63.454200461549775,0
28,9,0,,0,65.93186626639397,0
28,10,0,,0,44.88784323568815,0
28,11,0,,0,40.10395179741419,0
28,12,0,,0,48.74213079900352,0
28,13,0,,0,50.557249122886944,0
28,14,0,,0,60.94191518470949,0
28,15,0,,0,38.07535370285181,0
28,16,0,,0,70.29550319460614,0
28,17,0,,0,53.419921014210104,0
28,18,0,,0,50.7311893005258,0
28,19,0,,0,44.87895624739832,0
28,20,0,,0,38.451433281342304,0
29,1,1,9.0,0,58.231705839619146,0
29,2,1,9.0,0,50.73317967188404,0
29,3,1,9.0,0,37.10039100258946,0
29,4,1,9.0,0,37.04921227936384,0
29,5,1,9.0,0,46.64215300709872,0
29,6,1,9.0,0,66.69021525289392,0
29,7,1,9.0,0,47.40408648636395,0
29,8,1,9.0,0,34.96857046881894,0
29,9,1,9.0,1,47.54256935914056,1
29,10,1,9.0,1,47.27276430252329,1
29,11,1,9.0,1,23.031133570584284,1
29,12,1,9.0,1,49.45705133482188,1
29,13,1,9.0,1,47.69065469791322,1
29,14,1,9.0,1,56.96206364813418,1
29,15,1,9.0,1,68.48956094945345,1
29,16,1,9.0,1,61.26565029547757,1
29,17,1,9.0,1,47.31111309445169,1
29,18,1,9.0,1,38.934740912583294,1
29,19,1,9.0,1,75.7335980324986,1
29,20,1,9.0,1,50.59218434014488,1
30,1,1,11.0,0,50.13929291912946,0
30,2,1,11.0,0,49.758749128899964,0
30,3,1,11.0,0,51.98084760767855,0
30,4,1,11.0,0,48.556395880760576,0
30,5,1,11.0,0,49.26337993119763,0
30,6,1,11.0,0,49.53141058759608,0
30,7,1,11.0,0,54.672467297840015,0
30,8,1,11.0,0,49.56575228866235,0
30,9,1,11.0,0,47.871542173228356,0
30,10,1,11.0,0,56.064302276918966,0
30,11,1,11.0,1,52.450227825791444,1
30,12,1,11.0,1,70.0399298858269,1
30,13,1,11.0,1,28.490301916069882,1
30,14,1,11.0,1,65.91506851922462,1
30,15,1,11.0,1,67.46085192497628,1
30,16,1,11.0,1,34.2660976759185,1
30,17,1,11.0,1,51.573124059196516,1
30,18,1,11.0,1,51.28559134004209,1
30,19,1,11.0,1,40.924883052821784,1
30,20,1,11.0,1,47.22183312409125,1
31,1,0,,0,38.894241545341714,0
31,2,0,,0,67.52270443423623,0
31,3,0,,0,59.35678393147461,0
31,4,0,,0,62.71555094994159,0
31,5,0,,0,57.21672064043235,0
31,6,0,,0,38.70948228782771,0
31,7,0,,0,44.75479733720226,0
31,8,0,,0,54.89374561227918,0
31,9,0,,0,37.778721911080545,0
31,10,0,,0,57.12998430172388,0
31,11,0,,0,47.59674601841865,0
31,12,0,,0,46.251791924504026,0
31,13,0,,0,57.10959968203491,0
31,14,0,,0,54.4426331148604,0
31,15,0,,0,46.3903383418092,0
31,16,0,,0,61.59329803364248,0
31,17,0,,0,39.189366724001026,0
31,18,0,,0,56.15935606944264,0
31,19,0,,0,55.93101257968384,0
31,20,0,,0,46.904535606860094,0
32,1,1,8.0,0,53.26133022242118,0
32,2,1,8.0,0,37.488864236146966,0
32,3,1,8.0,0,59.24027019206901,0
32,4,1,8.0,0,48.15097863557011,0
32,5,1,8.0,0,44.772769794809605,0
32,6,1,8.0,0,60.49009225836889,0
32,7,1,8.0,0,42.95656309457241,0
32,8,1,8.0,1,40.91538703636441,1
32,9,1,8.0,1,39.433708264760966,1
32,10,1,8.0,1,61.06009951345639,1
32,11,1,8.0,1,42.19570647503717,1
32,12,1,8.0,1,72.54794181984364,1
32,13,1,8.0,1,34.18070592116278,1
32,14,1,8.0,1,71.96456368290038,1
32,15,1,8.0,1,57.11017467202618,1
32,16,1,8.0,1,54.032868881296075,1
32,17,1,8.0,1,49.550809131910505,1
32,18,1,8.0,1,58.991361143520706,1
32,19,1,8.0,1,54.62365297575152,1
32,20,1,8.0,1,66.03301882016521,1
33,1,1,8.0,0,51.142276486620396,0
33,2,1,8.0,0,51.50301761461878,0
33,3,1,8.0,0,46.36387787786144,0
33,4,1,8.0,0,49.43054376278933,0
33,5,1,8.0,0,53.07801768892059,0
33,6,1,8.0,0,37.89831607343375,0
33,7,1,8.0,0,41.518145778942866,0
33,8,1,8.0,1,62.43264094022715,1
33,9,1,8.0,1,56.708654381279416,1
33,10,1,8.0,1,53.16016663647321,1
33,11,1,8.0,1,55.184339330653934,1
33,12,1,8.0,1,58.47581705361671,1
33,13,1,8.0,1,49.60240319690639,1
33,14,1,8.0,1,47.216952745976876,1
33,15,1,8.0,1,56.958452550976816,1
33,16,1,8.0,1,45.21627222384968,1
33,17,1,8.0,1,59.082527557144715,1
33,18,1,8.0,1,37.9741639576216,1
33,19,1,8.0,1,65.29155637325644,1
33,20,1,8.0,1,59.72597482413043,1
34,1,0,,0,52.56029734313876,0
34,2,0,,0,59.82690983945514,0
34,3,0,,0,66.65474444462576,0
34,4,0,,0,60.1437006501813,0
34,5,0,,0,31.591257686683548,0
34,6,0,,0,37.204230332642986,0
34,7,0,,0,43.75181422304321,0
34,8,0,,0,50.26091050210834,0
34,9,0,,0,55.17659020469123,0
34,10,0,,0,42.742561868465344,0
34,11,0,,0,51.86766764477078,0
34,12,0,,0,42.44617067646678,0
34,13,0,,0,43.884821970080516,0
34,14,0,,0,35.93338903151778,0
34,15,0,,0,40.76766753889096,0
34,16,0,,0,36.48315394383666,0
34,17,0,,0,40.241267470226674,0
34,18,0,,0,60.536417966078396,0
34,19,0,,0,40.50601111168057,0
34,20,0,,0,76.32382064837391,0
35,1,0,,0,54.93317900880889,0
35,2,0,,0,51.84836123694874,0
35,3,0,,0,41.41642219818787,0
35,4,0,,0,57.003098794089915,0
35,5,0,,0,44.24362173762226,0
35,6,0,,0,51.220098146453616,0
35,7,0,,0,75.60084538268795,0
35,8,0,,0,49.0394010027535,0
35,9,0,,0,61.49273326285676,0
35,10,0,,0,42.96823574874112,0
35,11,0,,0,49.65011509503038,0
35,12,0,,0,67.7080063563551,0
35,13,0,,0,43.730329422122324,0
35,14,0,,0,68.12448557996929,0
35,15,0,,0,57.07751935455475,0
35,16,0,,0,44.37533224105732,0
35,17,0,,0,56.32407739055521,0
35,18,0,,0,59.7255444962673,0
35,19,0,,0,56.21809962217196,0
35,20,0,,0,34.297752801095434,0
36,1,0,,0,42.728628241751316,0
36,2,0,,0,47.52481364448495,0
36,3,0,,0,49.25566570899954,0
36,4,0,,0,56.206720975506784,0
36,5,0,,0,51.777010009332535,0
36,6,0,,0,36.64655641289899,0
36,7,0,,0,53.801978510059634,0
36,8,0,,0,56.10585745283823,0
36,9,0,,0,55.5979044793104,0
36,10,0,,0,60.807807255546216,0
36,11,0,,0,58.33922154548904,0
36,12,0,,0,54.59180079228437,0
36,13,0,,0,49.29834288541353,0
36,14,0,,0,33.39039066484008,0
36,15,0,,0,54.296182191325855,0
36,16,0,,0,52.076876871631114,0
36,17,0,,0,52.715788371953735,0
36,18,0,,0,37.232514241796906,0
36,19,0,,0,39.189434595917376,0
36,20,0,,0,60.53152853332904,0
37,1,0,,0,49.60444846143345,0
37,2,0,,0,56.81500697372624,0
37,3,0,,0,50.28318376130461,0
37,4,0,,0,50.297561394957455,0
37,5,0,,0,59.382838059759976,0
37,6,0,,0,44.83955271782626,0
37,7,0,,0,50.96120776940983,0
37,8,0,,0,45.377247112949576,0
37,9,0,,0,45.65503772567684,0
37,10,0,,0,46.908278765313604,0
37,11,0,,0,57.22133771633713,0
37,12,0,,0,50.212513783365225,0
37,13,0,,0,67.55756125573521,0
37,14,0,,0,46.05392697780496,0
37,15,0,,0,53.13128355838641,0
37,16,0,,0,50.60268941725825,0
37,17,0,,0,69.46977884353733,0
37,18,0,,0,56.965547765115744,0
37,19,0,,0,65.31844539468635,0
37,20,0,,0,40.14439626963028,0
38,1,0,,0,52.67050265869259,0
38,2,0,,0,58.89630795623437,0
38,3,0,,0,50.82283989275424,0
38,4,0,,0,60.654803750653514,0
38,5,0,,0,44.82711549899628,0
38,6,0,,0,69.0934744018558,0
38,7,0,,0,77.9889812361925,0
38,8,0,,0,51.37161439560341,0
38,9,0,,0,50.54497478599228,0
38,10,0,,0,69.533844771177,0
38,11,0,,0,70.79572145730712,0
38,12,0,,0,49.771399728467316,0
38,13,0,,0,50.798131829041424,0
38,14,0,,0,52.18215391139493,0
38,15,0,,0,41.555494889657226,0
38,16,0,,0,45.81348053515802,0
38,17,0,,0,44.95859233247932,0
38,18,0,,0,47.32202434895871,0
38,19,0,,0,54.65315112613219,0
38,20,0,,0,57.342147325365204,0
39,1,1,10.0,0,65.50500492814076,0
39,2,1,10.0,0,40.016459592612094,0
39,3,1,10.0,0,59.843223984765835,0
39,4,1,10.0,0,47.86011155774491,0
39,5,1,10.0,0,49.50536290347567,0
39,6,1,10.0,0,56.74819492166604,0
39,7,1,10.0,0,38.772779784377015,0
39,8,1,10.0,0,53.82409746184051,0
39,9,1,10.0,0,51.66452208213056,0
39,10,1,10.0,1,54.92451264008149,1
39,11,1,10.0,1,52.89168643907818,1
39,12,1,10.0,1,74.55300139910895,1
39,13,1,10.0,1,43.62260015748684,1
39,14,1,10.0,1,44.690030449981826,1
39,15,1,10.0,1,43.76859473575236,1
39,16,1,10.0,1,44.44522880839745,1
39,17,1,10.0,1,43.62612872693482,1
39,18,1,10.0,1,61.89016531107552,1
39,19,1,10.0,1,64.20504247989855,1
39,20,1,10.0,1,44.29253706250524,1
40,1,0,,0,41.67644426895771,0
40,2,0,,0,54.71415556386404,0
40,3,0,,0,44.477769557190285,0
40,4,0,,0,56.32931817755511,0
40,5,0,,0,52.029230208513,0
40,6,0,,0,34.84255885002768,0
40,7,0,,0,65.47505201330061,0
40,8,0,,0,67.95877673095522,0
40,9,0,,0,43.87211309515614,0
40,10,0,,0,46.122984400640156,0
40,11,0,,0,52.85865390724905,0
40,12,0,,0,53.34456789987025,0
40,13,0,,0,61.5854427267283,0
40,14,0,,0,75.1020453876635,0
40,15,0,,0,53.2305277250595,0
40,16,0,,0,47.01702755461546,0
40,17,0,,0,41.20680771985473,0
40,18,0,,0,47.69069960058081,0
40,19,0,,0,54.66873027126203,0
40,20,0,,0,72.94557863517788,0
41,1,0,,0,44.823887009638284,0
41,2,0,,0,52.237879516388986,0
41,3,0,,0,49.83577103927248,0
41,4,0,,0,61.88393273448084,0
41,5,0,,0,75.26932425873622,0
41,6,0,,0,44.69131227079679,0
41,7,0,,0,50.10560557481778,0
41,8,0,,0,65.44160877069072,0
41,9,0,,0,61.81891489626312,0
41,10,0,,0,73.46707325736034,0
41,11,0,,0,60.839281853259635,0
41,12,0,,0,51.40707909212941,0
41,13,0,,0,60.90654830692309,0
41,14,0,,0,66.08703580582907,0
41,15,0,,0,63.204821811973645,0
41,16,0,,0,60.07274031107298,0
41,17,0,,0,65.66674689589154,0
41,18,0,,0,66.69295590445672,0
41,19,0,,0,68.82158991037528,0
41,20,0,,0,61.48709887589643,0
42,1,0,,0,48.328819196831454,0
42,2,0,,0,51.46713686433323,0
42,3,0,,0,62.06508966508357,0
42,4,0,,0,41.83064329012764,0
42,5,0,,0,53.686733088729014,0
42,6,0,,0,46.06661187672639,0
42,7,0,,0,50.28744822934817,0
42,8,0,,0,62.78451862607299,0
42,9,0,,0,51.910990680199035,0
42,10,0,,0,50.46436548156149,0
42,11,0,,0,36.40143859020081,0
42,12,0,,0,57.46253566027221,0
42,13,0,,0,56.45484181141075,0
42,14,0,,0,76.6325472330546,0
42,15,0,,0,51.92221765046999,0
42,16,0,,0,57.19150327663939,0
42,17,0,,0,57.49383683710755,0
42,18,0,,0,70.77453279763475,0
42,19,0,,0,54.047044676130476,0
42,20,0,,0,57.790215257703395,0
43,1,0,,0,56.078965097165394,0
43,2,0,,0,51.86609123156358,0
43,3,0,,0,45.535663854494715,0
43,4,0,,0,51.94089992898308,0
43,5,0,,0,65.73631749859771,0
43,6,0,,0,44.7348470058894,0
43,7,0,,0,56.32969674146876,0
43,8,0,,0,47.99879185060827,0
43,9,0,,0,66.95046628924842,0
43,10,0,,0,39.76813095216225,0
43,11,0,,0,49.410781527284115,0
43,12,0,,0,58.772118750645205,0
43,13,0,,0,70.65524029234341,0
43,14,0,,0,54.34249738927012,0
43,15,0,,0,49.44800473306802,0
43,16,0,,0,73.8115706944059,0
43,17,0,,0,40.51986099583756,0
43,18,0,,0,33.01194043379918,0
43,19,0,,0,59.40014450053332,0
43,20,0,,0,49.97945775647389,0
44,1,0,,0,39.787671828692865,0
44,2,0,,0,57.08356447299353,0
44,3,0,,0,52.43800713771199,0
44,4,0,,0,44.359213692632714,0
44,5,0,,0,37.19695601329106,0
44,6,0,,0,58.724573282801444,0
44,7,0,,0,56.50201177958661,0
44,8,0,,0,49.00824136220617,0
44,9,0,,0,68.46636996047665,0
44,10,0,,0,39.29915233673847,0
44,11,0,,0,34.74474829075261,0
44,12,0,,0,43.080919301187556,0
44,13,0,,0,49.54413983644502,0
44,14,0,,0,52.43339449322692,0
44,15,0,,0,47.5876394214367,0
44,16,0,,0,53.520553965142966,0
44,17,0,,0,37.48460575809556,0
44,18,0,,0,64.4376460407326,0
44,19,0,,0,49.178488216074314,0
44,20,0,,0,61.172958315881274,0
45,1,0,,0,53.42725346377704,0
45,2,0,,0,54.567532191537836,0
45,3,0,,0,55.69767280232204,0
45,4,0,,0,54.47708560017315,0
45,5,0,,0,56.42722759867544,0
45,6,0,,0,63.29152530132431,0
45,7,0,,0,51.9652116970147,0
45,8,0,,0,57.09003757588512,0
45,9,0,,0,49.102643057127736,0
45,10,0,,0,69.40117215449473,0
45,11,0,,0,48.2360769794073,0
45,12,0,,0,73.00940432910815,0
45,13,0,,0,54.59842049355657,0
45,14,0,,0,40.69224897881952,0
45,15,0,,0,56.28104414910789,0
45,16,0,,0,48.18948342525119,0
45,17,0,,0,63.406435489887244,0
45,18,0,,0,48.47376020697609,0
45,19,0,,0,50.538165667852205,0
45,20,0,,0,36.10459269054469,0
46,1,1,7.0,0,45.47693680750923,0
46,2,1,7.0,0,25.761206733710434,0
46,3,1,7.0,0,34.16097176514277,0
46,4,1,7.0,0,57.604146561442974,0
46,5,1,7.0,0,57.85800158650832,0
46,6,1,7.0,0,54.254575617849646,0
46,7,1,7.0,1,40.33023856870787,1
46,8,1,7.0,1,49.5228864385802,1
46,9,1,7.0,1,49.963974609094315,1
46,10,1,7.0,1,38.416353108074574,1
46,11,1,7.0,1,65.0339830176715,1
46,12,1,7.0,1,58.77362290575671,1
46,13,1,7.0,1,47.79035826170336,1
46,14,1,7.0,1,50.26885838994531,1
46,15,1,7.0,1,52.08382807947552,1
46,16,1,7.0,1,29.582651315757094,1
46,17,1,7.0,1,47.52822617479403,1
46,18,1,7.0,1,43.180157520022014,1
46,19,1,7.0,1,39.983799901050844,1
46,20,1,7.0,1,47.18899707114045,1
47,1,0,,0,67.97686526849523,0
47,2,0,,0,56.4084286126701,0
47,3,0,,0,44.28821010217203,0
47,4,0,,0,55.72582781356159,0
47,5,0,,0,63.99355436586002,0
47,6,0,,0,59.246336829127685,0
47,7,0,,0,50.59630369920174,0
47,8,0,,0,43.53063222294426,0
47,9,0,,0,56.982233136135896,0
47,10,0,,0,53.934853854217494,0
47,11,0,,0,63.95193220027733,0
47,12,0,,0,61.351718016819696,0
47,13,0,,0,65.49552715319335,0
47,14,0,,0,49.64764788439432,0
47,15,0,,0,68.17394065634326,0
47,16,0,,0,56.975996046923996,0
47,17,0,,0,75.75260872625265,0
47,18,0,,0,48.10812181910432,0
47,19,0,,0,72.3596380316525,0
47,20,0,,0,56.979107834626475,0
48,1,0,,0,43.48581996385552,0
48,2,0,,0,45.16114165945678,0
48,3,0,,0,46.7965269180568,0
48,4,0,,0,54.241659464019165,0
48,5,0,,0,55.228354880355,0
48,6,0,,0,44.26299996061421,0
48,7,0,,0,49.756454077390174,0
48,8,0,,0,71.42270358611864,0
48,9,0,,0,67.27543170100711,0
48,10,0,,0,54.36323669674032,0
48,11,0,,0,50.380034781682,0
48,12,0,,0,51.200313267182615,0
48,13,0,,0,56.13517972730416,0
48,14,0,,0,39.77207434801595,0
48,15,0,,0,52.42623462576655,0
48,16,0,,0,38.314159261224106,0
48,17,0,,0,58.992231226052795,0
48,18,0,,0,61.47195939702741,0
48,19,0,,0,50.16813537700626,0
48,20,0,,0,70.73986763290033,0
49,1,0,,0,37.74234336997659,0
49,2,0,,0,35.3562511979018,0
49,3,0,,0,52.24451818559972,0
49,4,0,,0,60.470983026121544,0
49,5,0,,0,66.83927691457869,0
49,6,0,,0,45.4111573713106,0
49,7,0,,0,60.78680833431296,0
49,8,0,,0,49.61491530499293,0
49,9,0,,0,48.273727000591805,0
49,10,0,,0,58.83659937486672,0
49,11,0,,0,56.5232287841342,0
49,12,0,,0,34.236078430157505,0
49,13,0,,0,64.76540349725896,0
49,14,0,,0,63.800913541474515,0
49,15,0,,0,48.74437298490471,0
49,16,0,,0,58.95803533437409,0
49,17,0,,0,59.94030186282739,0
49,18,0,,0,57.60673765823907,0
49,19,0,,0,49.4969484615458,0
49,20,0,,0,48.283766320619485,0
50,1,1,5.0,0,49.744459290085544,0
50,2,1,5.0,0,61.72729019259364,0
50,3,1,5.0,0,55.43600154594432,0
50,4,1,5.0,0,46.29385667913894,0
50,5,1,5.0,1,57.716987106483444,1
50,6,1,5.0,1,21.514573793699245,1
50,7,1,5.0,1,61.48765700372103,1
50,8,1,5.0,1,37.60286221221901,1
50,9,1,5.0,1,51.37559058596868,1
50,10,1,5.0,1,43.803301053738565,1
50,11,1,5.0,1,42.053185242790946,1
50,12,1,5.0,1,66.6082678737852,1
50,13,1,5.0,1,50.32298798688109,1
50,14,1,5.0,1,58.46503881730716,1
50,15,1,5.0,1,54.53079421120816,1
50,16,1,5.0,1,59.770408272231215,1
50,17,1,5.0,1,55.768218910602556,1
50,18,1,5.0,1,42.1700777581143,1
50,19,1,5.0,1,64.9626681944714,1
50,20,1,5.0,1,50.06243416838687,1
51,1,1,13.0,0,34.434181013402494,0
51,2,1,13.0,0,45.718848390340874,0
51,3,1,13.0,0,65.00759790634311,0
51,4,1,13.0,0,58.50221742113493,0
51,5,1,13.0,0,46.51347865592141,0
51,6,1,13.0,0,46.50742295681571,0
51,7,1,13.0,0,46.783649487826175,0
51,8,1,13.0,0,70.76747983560841,0
51,9,1,13.0,0,53.819354522315535,0
51,10,1,13.0,0,54.300416471910694,0
51,11,1,13.0,0,60.30283454031842,0
51,12,1,13.0,0,52.387891590265134,0
51,13,1,13.0,1,47.40957854179297,1
51,14,1,13.0,1,48.03650150915022,1
51,15,1,13.0,1,49.283987405859364,1
51,16,1,13.0,1,49.627777634901584,1
51,17,1,13.0,1,57.2762954363698,1
51,18,1,13.0,1,50.519458858072994,1
51,19,1,13.0,1,57.32640077215579,1
51,20,1,13.0,1,49.19283419891418,1
52,1,1,5.0,0,50.786351903160906,0
52,2,1,5.0,0,30.017993154678923,0
52,3,1,5.0,0,59.16327674702482,0
52,4,1,5.0,0,53.46488475897993,0
52,5,1,5.0,1,59.98010109859652,1
52,6,1,5.0,1,21.037446218063106,1
52,7,1,5.0,1,70.88374704780728,1
52,8,1,5.0,1,48.604103718448265,1
52,9,1,5.0,1,61.081828167375164,1
52,10,1,5.0,1,39.60094072874469,1
52,11,1,5.0,1,56.1277390506257,1
52,12,1,5.0,1,39.46584436826344,1
52,13,1,5.0,1,43.76231039304195,1
52,14,1,5.0,1,69.14031353866787,1
52,15,1,5.0,1,48.09317599236653,1
52,16,1,5.0,1,52.17432873179723,1
52,17,1,5.0,1,58.70067730688754,1
52,18,1,5.0,1,54.95681887972604,1
52,19,1,5.0,1,51.504189051435766,1
52,20,1,5.0,1,53.64961002466225,1
53,1,1,15.0,0,74.03415585238275,0
53,2,1,15.0,0,49.42381202966415,0
53,3,1,15.0,0,52.010990467149675,0
53,4,1,15.0,0,60.50654396007612,0
53,5,1,15.0,0,61.05525932957984,0
53,6,1,15.0,0,61.8703030556038,0
53,7,1,15.0,0,56.38730222029184,0
53,8,1,15.0,0,38.569950872695166,0
53,9,1,15.0,0,66.33431532301096,0
53,10,1,15.0,0,38.53654606981312,0
53,11,1,15.0,0,53.02635465239033,0
53,12,1,15.0,0,42.45724149980642,0
53,13,1,15.0,0,49.35861653407007,0
53,14,1,15.0,0,53.2876241030348,0
53,15,1,15.0,1,53.21357215450273,1
53,16,1,15.0,1,54.21920754235285,1
53,17,1,15.0,1,66.13711269058646,1
53,18,1,15.0,1,54.5353430151398,1
53,19,1,15.0,1,47.558433647093516,1
53,20,1,15.0,1,59.64087168288357,1
54,1,0,,0,61.894704889246405,0
54,2,0,,0,37.72392184863008,0
54,3,0,,0,55.97400069849858,0
54,4,0,,0,57.01172742310898,0
54,5,0,,0,47.02436496640008,0
54,6,0,,0,63.75706813311619,0
54,7,0,,0,48.499444129674735,0
54,8,0,,0,51.255764534715425,0
54,9,0,,0,48.2692817571613,0
54,10,0,,0,50.155790475814676,0
54,11,0,,0,39.037249131047986,0
54,12,0,,0,35.59949117405706,0
54,13,0,,0,65.94505063224972,0
54,14,0,,0,41.53038651681672,0
54,15,0,,0,40.08607650543693,0
54,16,0,,0,28.466098863962852,0
54,17,0,,0,43.610382523104974,0
54,18,0,,0,36.76910206592502,0
54,19,0,,0,66.4201516013637,0
54,20,0,,0,60.09817089342634,0
55,1,1,15.0,0,43.118496548222765,0
55,2,1,15.0,0,72.52435805344308,0
55,3,1,15.0,0,59.81765486991594,0
55,4,1,15.0,0,46.75168616491378,0
55,5,1,15.0,0,25.00594285126427,0
55,6,1,15.0,0,72.90942572590743,0
55,7,1,15.0,0,36.10427533236404,0
55,8,1,15.0,0,33.546012530431085,0
55,9,1,15.0,0,60.225704320096405,0
55,10,1,15.0,0,74.39752406339272,0
55,11,1,15.0,0,63.84272818510518,0
55,12,1,15.0,0,55.639091200523595,0
55,13,1,15.0,0,55.94754341665286,0
55,14,1,15.0,0,58.53415558780308,0
55,15,1,15.0,1,57.589285897867654,1
55,16,1,15.0,1,52.811914239693756,1
55,17,1,15.0,1,51.04201103951876,1
55,18,1,15.0,1,49.374068721004775,1
55,19,1,15.0,1,42.46035411133324,1
55,20,1,15.0,1,47.19324923133226,1
56,1,0,,0,33.07043185804615,0
56,2,0,,0,49.0166037320525,0
56,3,0,,0,40.11408892849083,0
56,4,0,,0,38.964106827842286,0
56,5,0,,0,51.798941511534785,0
56,6,0,,0,63.92002286344599,0
56,7,0,,0,59.183166060023126,0
56,8,0,,0,34.29499396376823,0
56,9,0,,0,40.10371863429663,0
56,10,0,,0,59.40771187988216,0
56,11,0,,0,40.175126064616904,0
56,12,0,,0,47.753668500029754,0
56,13,0,,0,55.50052099024552,0
56,14,0,,0,40.31655545136365,0
56,15,0,,0,51.0537550614596,0
56,16,0,,0,36.65974505081795,0
56,17,0,,0,43.98632356048786,0
56,18,0,,0,53.19781934142537,0
56,19,0,,0,34.070062664683306,0
56,20,0,,0,54.40474737960399,0
57,1,1,8.0,0,49.803622010733186,0
57,2,1,8.0,0,55.524899544171475,0
57,3,1,8.0,0,52.23914134064661,0
57,4,1,8.0,0,63.64140429973844,0
57,5,1,8.0,0,51.25224502647907,0
57,6,1,8.0,0,50.70594458874747,0
57,7,1,8.0,0,56.222975030322836,0
57,8,1,8.0,1,60.43298029036388,1
57,9,1,8.0,1,55.48860070325704,1
57,10,1,8.0,1,55.405916912038826,1
57,11,1,8.0,1,47.980083121932445,1
57,12,1,8.0,1,48.37099082449052,1
57,13,1,8.0,1,40.97394728200307,1
57,14,1,8.0,1,72.4957674318694,1
57,15,1,8.0,1,42.56136764608715,1
57,16,1,8.0,1,48.07094802204092,1
57,17,1,8.0,1,47.81592734430802,1
57,18,1,8.0,1,63.949243769444415,1
57,19,1,8.0,1,52.05050321707972,1
57,20,1,8.0,1,67.47742072673734,1
58,1,1,12.0,0,43.26509375756132,0
58,2,1,12.0,0,52.78994162223802,0
58,3,1,12.0,0,41.64652946740243,0
58,4,1,12.0,0,71.45149127773388,0
58,5,1,12.0,0,38.12401580970487,0
58,6,1,12.0,0,53.09820710227027,0
58,7,1,12.0,0,56.337768809320984,0
58,8,1,12.0,0,59.137990974514985,0
58,9,1,12.0,0,53.147123411222914,0
58,10,1,12.0,0,53.70179300266574,0
58,11,1,12.0,0,55.438114719791095,0
58,12,1,12.0,1,53.529979983715116,1
58,13,1,12.0,1,64.6387911679491,1
58,14,1,12.0,1,77.10523001591352,1
58,15,1,12.0,1,49.425082149921664,1
58,16,1,12.0,1,41.301970204209226,1
58,17,1,12.0,1,54.117179516487454,1
58,18,1,12.0,1,80.79709337654319,1
58,19,1,12.0,1,46.963254320302696,1
58,20,1,12.0,1,71.39116805444067,1
59,1,1,14.0,0,66.77700814076441,0
59,2,1,14.0,0,44.46411758292005,0
59,3,1,14.0,0,55.689830791852756,0
59,4,1,14.0,0,66.28396623128538,0
59,5,1,14.0,0,51.20872259012513,0
59,6,1,14.0,0,52.964196398976384,0
59,7,1,14.0,0,49.18319086051356,0
59,8,1,14.0,0,44.852432693071336,0
59,9,1,14.0,0,48.50722454933993,0
59,10,1,14.0,0,42.760597332377436,0
59,11,1,14.0,0,55.34083468259226,0
59,12,1,14.0,0,47.30026768941358,0
59,13,1,14.0,0,57.33785911790748,0
59,14,1,14.0,1,39.44104353796373,1
59,15,1,14.0,1,58.30880232214457,1
59,16,1,14.0,1,63.33528961608925,1
59,17,1,14.0,1,35.062643574285445,1
59,18,1,14.0,1,58.74056569847572,1
59,19,1,14.0,1,67.27668992473292,1
59,20,1,14.0,1,42.90358981308795,1
60,1,1,11.0,0,66.72572386837703,0
60,2,1,11.0,0,54.190190093660455,0
60,3,1,11.0,0,42.949881442415915,0
60,4,1,11.0,0,49.44230922342294,0
60,5,1,11.0,0,55.58326912521722,0
60,6,1,11.0,0,50.760053914124114,0
60,7,1,11.0,0,55.387559924463694,0
60,8,1,11.0,0,40.79326406920634,0
60,9,1,11.0,0,51.69360824036078,0
60,10,1,11.0,0,35.8628550309502,0
60,11,1,11.0,1,53.887739386513,1
60,12,1,11.0,1,45.960923585352106,1
60,13,1,11.0,1,47.64470057410233,1
60,14,1,11.0,1,67.36093175210438,1
60,15,1,11.0,1,65.9131012059427,1
60,16,1,11.0,1,61.09138120907177,1
60,17,1,11.0,1,44.07687235327421,1
60,18,1,11.0,1,51.83591550305198,1
60,19,1,11.0,1,67.13097699979184,1
60,20,1,11.0,1,56.417169136399046,1
61,1,1,12.0,0,73.19329539981695,0
61,2,1,12.0,0,53.93317839394372,0
61,3,1,12.0,0,51.92049116490031,0
61,4,1,12.0,0,46.908835357974986,0
61,5,1,12.0,0,51.33540904782282,0
61,6,1,12.0,0,48.47530163619456,0
61,7,1,12.0,0,57.0810867668859,0
61,8,1,12.0,0,59.56702316794584,0
61,9,1,12.0,0,42.140105394920504,0
61,10,1,12.0,0,36.68767046442222,0
61,11,1,12.0,0,31.637946268967035,0
61,12,1,12.0,1,60.079913269125434,1
61,13,1,12.0,1,43.966333938261265,1
61,14,1,12.0,1,33.471094070475175,1
61,15,1,12.0,1,58.885786045309644,1
61,16,1,12.0,1,79.9299951743279,1
61,17,1,12.0,1,54.939290884601064,1
61,18,1,12.0,1,63.38490774451642,1
61,19,1,12.0,1,55.81829358547565,1
61,20,1,12.0,1,54.01110346808857,1
62,1,0,,0,59.190764829877686,0
62,2,0,,0,47.097254558113484,0
62,3,0,,0,52.673923140719026,0
62,4,0,,0,53.216978061960134,0
62,5,0,,0,43.31909546356951,0
62,6,0,,0,59.92042349536523,0
62,7,0,,0,48.25040243304591,0
62,8,0,,0,42.442548405071555,0
62,9,0,,0,55.365098435704034,0
62,10,0,,0,46.015320182089624,0
62,11,0,,0,55.281811573691286,0
62,12,0,,0,54.90881003355796,0
62,13,0,,0,65.85895565831578,0
62,14,0,,0,59.746982328799525,0
62,15,0,,0,54.74973041254856,0
62,16,0,,0,63.17766299200287,0
62,17,0,,0,68.90207549017313,0
62,18,0,,0,60.578103063518626,0
62,19,0,,0,55.103526198433805,0
62,20,0,,0,41.8816376764984,0
63,1,1,13.0,0,39.348863369246274,0
63,2,1,13.0,0,46.94775295645332,0
63,3,1,13.0,0,43.90487797840717,0
63,4,1,13.0,0,48.13028697014554,0
63,5,1,13.0,0,50.56649924897107,0
63,6,1,13.0,0,55.29692754356731,0
63,7,1,13.0,0,49.29501221940909,0
63,8,1,13.0,0,54.86501643826202,0
63,9,1,13.0,0,50.6447441481012,0
63,10,1,13.0,0,30.245334336461287,0
63,11,1,13.0,0,40.606646061812455,0
63,12,1,13.0,0,48.55912444278385,0
63,13,1,13.0,1,37.90305257158892,1
63,14,1,13.0,1,55.99928729996205,1
63,15,1,13.0,1,65.30750832343698,1
63,16,1,13.0,1,62.18761851697317,1
63,17,1,13.0,1,47.86557129069792,1
63,18,1,13.0,1,64.90726136849952,1
63,19,1,13.0,1,51.486674572021116,1
63,20,1,13.0,1,46.629140288819606,1
64,1,1,8.0,0,43.8659733645906,0
64,2,1,8.0,0,46.975303135118715,0
64,3,1,8.0,0,46.118231814587716,0
64,4,1,8.0,0,51.70416222375488,0
64,5,1,8.0,0,51.60573981049865,0
64,6,1,8.0,0,50.03046020153415,0
64,7,1,8.0,0,54.369381697463496,0
64,8,1,8.0,1,61.906462747863415,1
64,9,1,8.0,1,59.495541354413234,1
64,10,1,8.0,1,35.151020315500965,1
64,11,1,8.0,1,24.46078865098045,1
64,12,1,8.0,1,64.34319911239274,1
64,13,1,8.0,1,41.33121301584579,1
64,14,1,8.0,1,52.75234598107316,1
64,15,1,8.0,1,43.298869739406406,1
64,16,1,8.0,1,36.9801956241998,1
64,17,1,8.0,1,60.41462728204788,1
64,18,1,8.0,1,62.59155160302647,1
64,19,1,8.0,1,49.2348959927328,1
64,20,1,8.0,1,29.089577078550903,1
65,1,0,,0,44.53755551747517,0
65,2,0,,0,53.91804005402547,0
65,3,0,,0,35.21088431225871,0
65,4,0,,0,51.83359919779156,0
65,5,0,,0,49.846901508270044,0
65,6,0,,0,55.792914996010886,0
65,7,0,,0,51.19580368414153,0
65,8,0,,0,40.26931059118444,0
65,9,0,,0,61.965715016644914,0
65,10,0,,0,53.4147042697303,0
65,11,0,,0,54.72695460490068,0
65,12,0,,0,45.667320409268044,0
65,13,0,,0,50.567177488084894,0
65,14,0,,0,46.15197285973099,0
65,15,0,,0,53.27053940076577,0
65,16,0,,0,72.11708480142343,0
65,17,0,,0,41.28098857068643,0
65,18,0,,0,38.86438602123259,0
65,19,0,,0,69.71170327493608,0
65,20,0,,0,52.90676322848134,0
66,1,0,,0,43.309272613400836,0
66,2,0,,0,60.39904687396076,0
66,3,0,,0,43.94384460263136,0
66,4,0,,0,68.26009713546937,0
66,5,0,,0,56.77925871339269,0
66,6,0,,0,45.120885918542974,0
66,7,0,,0,71.57308213265503,0
66,8,0,,0,43.94285076996662,0
66,9,0,,0,57.42095372009307,0
66,10,0,,0,52.99292580406492,0
66,11,0,,0,63.01741289398798,0
66,12,0,,0,65.61511196726853,0
66,13,0,,0,50.320041490657665,0
66,14,0,,0,42.46582129653817,0
66,15,0,,0,59.59972142939117,0
66,16,0,,0,48.22284630247894,0
66,17,0,,0,75.13387247526623,0
66,18,0,,0,56.36535331082737,0
66,19,0,,0,51.34678448687891,0
66,20,0,,0,56.84680305864909,0
67,1,0,,0,36.52873710470303,0
67,2,0,,0,40.28385961489349,0
67,3,0,,0,62.00413907944426,0
67,4,0,,0,43.43105721028604,0
67,5,0,,0,39.5308901731806,0
67,6,0,,0,55.36652752527286,0
67,7,0,,0,66.85704154662997,0
67,8,0,,0,62.18953310665067,0
67,9,0,,0,64.96047685805817,0
67,10,0,,0,47.43204911430539,0
67,11,0,,0,40.78189333258156,0
67,12,0,,0,70.01333651955487,0
67,13,0,,0,51.77320161157864,0
67,14,0,,0,52.49166983544953,0
67,15,0,,0,68.28194141849058,0
67,16,0,,0,60.5623000940066,0
67,17,0,,0,59.55887772081608,0
67,18,0,,0,76.65002344901083,0
67,19,0,,0,48.564817696198574,0
67,20,0,,0,64.27840128081237,0
68,1,1,15.0,0,50.570131248970846,0
68,2,1,15.0,0,52.68592278863257,0
68,3,1,15.0,0,65.28468426412532,0
68,4,1,15.0,0,55.07835756289624,0
68,5,1,15.0,0,55.38296079049633,0
68,6,1,15.0,0,60.72507337309802,0
68,7,1,15.0,0,46.350472704571146,0
68,8,1,15.0,0,41.607903326609936,0
68,9,1,15.0,0,39.55190805978967,0
68,10,1,15.0,0,30.33643410623998,0
68,11,1,15.0,0,70.56207129940321,0
68,12,1,15.0,0,38.96791634278317,0
68,13,1,15.0,0,47.78746376414228,0
68,14,1,15.0,0,47.23186700111079,0
68,15,1,15.0,1,53.07406697809101,1
68,16,1,15.0,1,58.15737212539297,1
68,17,1,15.0,1,58.60473488359745,1
68,18,1,15.0,1,44.16922561431062,1
68,19,1,15.0,1,48.32878286213589,1
68,20,1,15.0,1,52.825799504882994,1
69,1,1,15.0,0,47.51308873816453,0
69,2,1,15.0,0,66.07345576019992,0
69,3,1,15.0,0,54.90974951638251,0
69,4,1,15.0,0,57.348777860498174,0
69,5,1,15.0,0,56.628812686674124,0
69,6,1,15.0,0,66.73473857485325,0
69,7,1,15.0,0,56.81021558703707,0
69,8,1,15.0,0,42.03168052044153,0
69,9,1,15.0,0,58.996879517526416,0
69,10,1,15.0,0,48.48643106208171,0
69,11,1,15.0,0,49.713833182502434,0
69,12,1,15.0,0,60.863640187550935,0
69,13,1,15.0,0,67.38283071433636,0
69,14,1,15.0,0,55.21271576736061,0
69,15,1,15.0,1,58.088330125989636,1
69,16,1,15.0,1,72.02214944635239,1
69,17,1,15.0,1,57.407531794885685,1
69,18,1,15.0,1,81.01683114180395,1
69,19,1,15.0,1,60.65509645631544,1
69,20,1,15.0,1,37.39237240844182,1
70,1,0,,0,57.53341621104533,0
70,2,0,,0,53.81158384882778,0
70,3,0,,0,62.897527540827454,0
70,4,0,,0,56.73181351269958,0
70,5,0,,0,48.615440160162265,0
70,6,0,,0,37.757017637106344,0
70,7,0,,0,47.90976742713975,0
70,8,0,,0,41.494795457907,0
70,9,0,,0,44.19476550195277,0
70,10,0,,0,55.8857840442061,0
70,11,0,,0,66.69904504351406,0
70,12,0,,0,53.94671529822981,0
70,13,0,,0,38.04116937964815,0
70,14,0,,0,54.446026682201406,0
70,15,0,,0,61.966314866456514,0
70,16,0,,0,43.90217095680618,0
70,17,0,,0,48.65982833327082,0
70,18,0,,0,50.14688194729197,0
70,19,0,,0,42.151016869177596,0
70,20,0,,0,56.48280433843859,0
71,1,0,,0,48.79051851392219,0
71,2,0,,0,54.195324439070276,0
71,3,0,,0,41.125078221978995,0
71,4,0,,0,45.62541699676589,0
71,5,0,,0,57.22381357827771,0
71,6,0,,0,46.27166847908233,0
71,7,0,,0,67.26963851233405,0
71,8,0,,0,46.003638143853976,0
71,9,0,,0,52.24684725751886,0
71,10,0,,0,59.325908318730896,0
71,11,0,,0,35.816342670669684,0
71,12,0,,0,32.39191188019224,0
71,13,0,,0,34.74343685429905,0
71,14,0,,0,62.62584103427182,0
71,15,0,,0,44.481418541075534,0
71,16,0,,0,75.58199285668252,0
71,17,0,,0,44.357524013426115,0
71,18,0,,0,51.84551303197037,0
71,19,0,,0,65.42109952567876,0
71,20,0,,0,70.06092888159122,0
72,1,1,8.0,0,70.61503576636397,0
72,2,1,8.0,0,62.083662305931426,0
72,3,1,8.0,0,60.240625258114626,0
72,4,1,8.0,0,55.92526949201183,0
72,5,1,8.0,0,57.78361076166638,0
72,6,1,8.0,0,44.488142836714665,0
72,7,1,8.0,0,41.81801116577693,0
72,8,1,8.0,1,54.96625542589048,1
72,9,1,8.0,1,53.298153774750716,1
72,10,1,8.0,1,50.46771950672725,1
72,11,1,8.0,1,61.963874474567156,1
72,12,1,8.0,1,64.5530520857051,1
72,13,1,8.0,1,55.884068862918475,1
72,14,1,8.0,1,69.77530081055262,1
72,15,1,8.0,1,43.58310885866495,1
72,16,1,8.0,1,53.06340540720282,1
72,17,1,8.0,1,47.831776793971954,1
72,18,1,8.0,1,36.3346338292694,1
72,19,1,8.0,1,54.17319314157301,1
72,20,1,8.0,1,53.78252491616716,1
73,1,0,,0,65.13449743242131,0
73,2,0,,0,56.30811684554777,0
73,3,0,,0,39.758131756707954,0
73,4,0,,0,68.54092566334188,0
73,5,0,,0,67.21033695525352,0
73,6,0,,0,60.82097703468616,0
73,7,0,,0,52.73515901150168,0
73,8,0,,0,45.405607632765204,0
73,9,0,,0,51.27793223928947,0
73,10,0,,0,65.88748619704185,0
73,11,0,,0,73.84586305934609,0
73,12,0,,0,70.43243528272188,0
73,13,0,,0,50.11150578213726,0
73,14,0,,0,43.80382566710989,0
73,15,0,,0,56.40886246911204,0
73,16,0,,0,37.31560634437149,0
73,17,0,,0,58.23167714184781,0
73,18,0,,0,53.52397413701331,0
73,19,0,,0,50.33963498131758,0
73,20,0,,0,39.05296932733204,0
74,1,1,15.0,0,55.136001065697165,0
74,2,1,15.0,0,44.672991603380886,0
74,3,1,15.0,0,38.30083164289712,0
74,4,1,15.0,0,21.277377867183507,0
74,5,1,15.0,0,49.724850949493636,0
74,6,1,15.0,0,67.72251596669744,0
74,7,1,15.0,0,66.6125921454787,0
74,8,1,15.0,0,45.429037434137285,0
74,9,1,15.0,0,43.97787939638219,0
74,10,1,15.0,0,54.68774256075024,0
74,11,1,15.0,0,40.016145608117085,0
74,12,1,15.0,0,53.01791899819466,0
74,13,1,15.0,0,57.660802783846904,0
74,14,1,15.0,0,62.26933223884308,0
74,15,1,15.0,1,48.99845923520047,1
74,16,1,15.0,1,47.96326249823034,1
74,17,1,15.0,1,41.22017413243439,1
74,18,1,15.0,1,41.7311964596014,1
74,19,1,15.0,1,47.73521108098473,1
74,20,1,15.0,1,53.67365506816178,1
75,1,0,,0,59.13584626233249,0
75,2,0,,0,41.96821049319655,0
75,3,0,,0,64.92688568959522,0
75,4,0,,0,47.28876398957431,0
75,5,0,,0,49.78632705651564,0
75,6,0,,0,42.527883208521764,0
75,7,0,,0,25.757597397270583,0
75,8,0,,0,58.8404539636105,0
75,9,0,,0,57.36843897092433,0
75,10,0,,0,47.18672442881787,0
75,11,0,,0,50.66990717224872,0
75,12,0,,0,55.15939217704099,0
75,13,0,,0,34.374541431134574,0
75,14,0,,0,44.70947322653705,0
75,15,0,,0,57.94264679621827,0
75,16,0,,0,37.45710576830751,0
75,17,0,,0,52.935579321666296,0
75,18,0,,0,36.43418195376595,0
75,19,0,,0,54.66429982433527,0
75,20,0,,0,49.643585177025166,0
76,1,1,13.0,0,33.848681840944906,0
76,2,1,13.0,0,61.64739354457171,0
76,3,1,13.0,0,42.65408423201951,0
76,4,1,13.0,0,41.89747562985619,0
76,5,1,13.0,0,52.00569197230943,0
76,6,1,13.0,0,61.48637349428715,0
76,7,1,13.0,0,39.841781810216034,0
76,8,1,13.0,0,50.61679849847972,0
76,9,1,13.0,0,54.28816500330573,0
76,10,1,13.0,0,56.93105607263144,0
76,11,1,13.0,0,51.76441555277225,0
76,12,1,13.0,0,46.329721609166775,0
76,13,1,13.0,1,41.724097793512804,1
76,14,1,13.0,1,50.86143883046375,1
76,15,1,13.0,1,39.27860988014393,1
76,16,1,13.0,1,20.78649516505393,1
76,17,1,13.0,1,54.365598041576675,1
76,18,1,13.0,1,59.039348410861955,1
76,19,1,13.0,1,26.370675644581617,1
76,20,1,13.0,1,39.90269295290062,1
77,1,0,,0,56.191542610051975,0
77,2,0,,0,70.574954697117,0
77,3,0,,0,50.20793707675408,0
77,4,0,,0,42.71997058770866,0
77,5,0,,0,48.1710355889516,0
77,6,0,,0,63.74876419148185,0
77,7,0,,0,43.54035820875465,0
77,8,0,,0,42.00807993349746,0
77,9,0,,0,45.17256477817968,0
77,10,0,,0,40.466713917412875,0
77,11,0,,0,51.22670315994795,0
77,12,0,,0,66.2467845846956,0
77,13,0,,0,53.23079273116029,0
77,14,0,,0,47.47646497873713,0
77,15,0,,0,47.08188731084456,0
77,16,0,,0,34.36809191303343,0
77,17,0,,0,58.83109777147159,0
77,18,0,,0,49.22162802987198,0
77,19,0,,0,48.19520086409374,0
77,20,0,,0,81.93107567844861,0
78,1,0,,0,52.98752908365686,0
78,2,0,,0,42.48208949904816,0
78,3,0,,0,45.736424037944566,0
78,4,0,,0,61.48445709196755,0
78,5,0,,0,51.13270410537764,0
78,6,0,,0,40.61722021682633,0
78,7,0,,0,64.19228934575204,0
78,8,0,,0,48.31855914461006,0
78,9,0,,0,73.73297776217545,0
78,10,0,,0,65.8004806571465,0
78,11,0,,0,50.52678104341249,0
78,12,0,,0,67.81016361735112,0
78,13,0,,0,55.678555105274036,0
78,14,0,,0,63.52773675122219,0
78,15,0,,0,59.84732817294475,0
78,16,0,,0,46.536433450091266,0
78,17,0,,0,48.56450167682538,0
78,18,0,,0,65.29960817581161,0
78,19,0,,0,51.65224667893459,0
78,20,0,,0,50.96351536758003,0
79,1,1,13.0,0,40.44877420650647,0
79,2,1,13.0,0,54.235990655934614,0
79,3,1,13.0,0,70.62524919243145,0
79,4,1,13.0,0,39.32467085745727,0
79,5,1,13.0,0,50.24219456672758,0
79,6,1,13.0,0,64.12220555415429,0
79,7,1,13.0,0,49.203586087542845,0
79,8,1,13.0,0,54.52371796249734,0
79,9,1,13.0,0,39.376064718531204,0
79,10,1,13.0,0,54.28307097207649,0
79,11,1,13.0,0,48.12855734995451,0
79,12,1,13.0,0,64.85729995679863,0
79,13,1,13.0,1,66.87386051564751,1
79,14,1,13.0,1,80.89563642018614,1
79,15,1,13.0,1,60.796331732135755,1
79,16,1,13.0,1,58.257963165821664,1
79,17,1,13.0,1,56.94384301577336,1
79,18,1,13.0,1,51.46833707189312,1
79,19,1,13.0,1,58.38483843461691,1
79,20,1,13.0,1,52.04598589860971,1
80,1,1,11.0,0,51.68460976269614,0
80,2,1,11.0,0,63.1759753560796,0
80,3,1,11.0,0,39.934574347203586,0
80,4,1,11.0,0,61.39878561129045,0
80,5,1,11.0,0,63.17115067339866,0
80,6,1,11.0,0,48.81931473008921,0
80,7,1,11.0,0,33.78145100991405,0
80,8,1,11.0,0,48.921780129055676,0
80,9,1,11.0,0,67.96994546561109,0
80,10,1,11.0,0,54.77131937701118,0
80,11,1,11.0,1,45.00697767705089,1
80,12,1,11.0,1,49.95225078771782,1
80,13,1,11.0,1,63.40620026504553,1
80,14,1,11.0,1,60.4673356820138,1
80,15,1,11.0,1,52.61067900830306,1
80,16,1,11.0,1,51.33175588185313,1
80,17,1,11.0,1,51.08241850956178,1
80,18,1,11.0,1,45.77589815501497,1
80,19,1,11.0,1,71.15375689469442,1
80,20,1,11.0,1,51.7767953078866,1
81,1,0,,0,62.17158520825497,0
81,2,0,,0,65.21316051922452,0
81,3,0,,0,59.9831089814796,0
81,4,0,,0,45.683796872819514,0
81,5,0,,0,54.037300903366095,0
81,6,0,,0,49.758043936090836,0
81,7,0,,0,40.96298139269872,0
81,8,0,,0,53.24359281721603,0
81,9,0,,0,38.20960208840198,0
81,10,0,,0,61.87679388461564,0
81,11,0,,0,45.35382702701607,0
81,12,0,,0,52.01159655872839,0
81,13,0,,0,52.83287871546142,0
81,14,0,,0,47.410950262959226,0
81,15,0,,0,55.86693801475275,0
81,16,0,,0,45.25096343377476,0
81,17,0,,0,58.71297297457244,0
81,18,0,,0,36.54020319753251,0
81,19,0,,0,51.26379579546412,0
81,20,0,,0,69.38928999058285,0
82,1,0,,0,39.99668675394425,0
82,2,0,,0,43.222550294751485,0
82,3,0,,0,55.13907849658915,0
82,4,0,,0,51.79581781939598,0
82,5,0,,0,53.50630099273559,0
82,6,0,,0,54.891871301476634,0
82,7,0,,0,56.3472146856177,0
82,8,0,,0,61.09699841956223,0
82,9,0,,0,54.098186569285126,0
82,10,0,,0,47.58742345381457,0
82,11,0,,0,56.72573701202731,0
82,12,0,,0,68.99881934895215,0
82,13,0,,0,48.67366253617426,0
82,14,0,,0,40.254706953293585,0
82,15,0,,0,61.07080669286972,0
82,16,0,,0,48.796188360464015,0
82,17,0,,0,28.273304539859637,0
82,18,0,,0,58.47421677150422,0
82,19,0,,0,44.64671814046077,0
82,20,0,,0,49.094667176958396,0
83,1,0,,0,53.319803305690144,0
83,2,0,,0,51.904996797790666,0
83,3,0,,0,57.0945181713904,0
83,4,0,,0,45.645136294301565,0
83,5,0,,0,55.131057981760826,0
83,6,0,,0,47.40453322416083,0
83,7,0,,0,57.38810480887503,0
83,8,0,,0,56.153674840130535,0
83,9,0,,0,40.645612979554045,0
83,10,0,,0,60.85982116175032,0
83,11,0,,0,49.64036554885952,0
83,12,0,,0,63.08057798281145,0
83,13,0,,0,58.67287313401341,0
83,14,0,,0,73.38183676795123,0
83,15,0,,0,52.76534017628148,0
83,16,0,,0,51.506832038818025,0
83,17,0,,0,54.805803941122676,0
83,18,0,,0,51.968202171657246,0
83,19,0,,0,62.9994190194205,0
83,20,0,,0,38.83689391563412,0
84,1,1,12.0,0,39.46317580853646,0
84,2,1,12.0,0,39.32197078420807,0
84,3,1,12.0,0,59.50307591973576,0
84,4,1,12.0,0,67.10613372581925,0
84,5,1,12.0,0,48.955507814625285,0
84,6,1,12.0,0,53.311782768099896,0
84,7,1,12.0,0,55.700521631131814,0
84,8,1,12.0,0,66.6187830260819,0
84,9,1,12.0,0,45.72646865809426,0
84,10,1,12.0,0,57.38368982734785,0
84,11,1,12.0,0,64.7519762978243,0
84,12,1,12.0,1,60.01094169939845,1
84,13,1,12.0,1,56.89581616598743,1
84,14,1,12.0,1,65.01046092567141,1
84,15,1,12.0,1,27.96767707000763,1
84,16,1,12.0,1,61.77875319530908,1
84,17,1,12.0,1,48.45924316872576,1
84,18,1,12.0,1,36.69367103143543,1
84,19,1,12.0,1,60.11202599524981,1
84,20,1,12.0,1,68.73658545162958,1
85,1,0,,0,48.62551485372308,0
85,2,0,,0,59.528745472029385,0
85,3,0,,0,66.12278257988646,0
85,4,0,,0,63.14914453584048,0
85,5,0,,0,66.39964529371393,0
85,6,0,,0,57.42127491071892,0
85,7,0,,0,50.754336389015926,0
85,8,0,,0,33.980341881028316,0
85,9,0,,0,47.53937511870051,0
85,10,0,,0,41.567534046838084,0
85,11,0,,0,76.70942717497815,0
85,12,0,,0,53.24114187567663,0
85,13,0,,0,56.23204806784486,0
85,14,0,,0,60.51485376040468,0
85,15,0,,0,55.436024463724536,0
85,16,0,,0,71.95051040430752,0
85,17,0,,0,48.77350638265548,0
85,18,0,,0,56.94607455237243,0
85,19,0,,0,47.57529414301952,0
85,20,0,,0,41.79977488779294,0
86,1,1,13.0,0,43.882309090947146,0
86,2,1,13.0,0,49.62963202951588,0
86,3,1,13.0,0,45.7069777548274,0
86,4,1,13.0,0,43.07579020126144,0
86,5,1,13.0,0,35.93682536328166,0
86,6,1,13.0,0,49.16894427371305,0
86,7,1,13.0,0,34.952796259689975,0
86,8,1,13.0,0,57.60055963689602,0
86,9,1,13.0,0,50.824397529345035,0
86,10,1,13.0,0,35.4244850053507,0
86,11,1,13.0,0,51.907909229501364,0
86,12,1,13.0,0,47.478435944094166,0
86,13,1,13.0,1,58.1917451041918,1
86,14,1,13.0,1,68.40450446023144,1
86,15,1,13.0,1,36.248275303542556,1
86,16,1,13.0,1,56.150260791474174,1
86,17,1,13.0,1,53.398672044333594,1
86,18,1,13.0,1,61.713400764504655,1
86,19,1,13.0,1,57.131966282376894,1
86,20,1,13.0,1,47.48030668261181,1
87,1,0,,0,46.80946064333382,0
87,2,0,,0,42.03974143196511,0
87,3,0,,0,60.76007138598598,0
87,4,0,,0,50.21311648671942,0
87,5,0,,0,69.01190685753008,0
87,6,0,,0,49.39339186185379,0
87,7,0,,0,42.91593233089537,0
87,8,0,,0,34.862856073871725,0
87,9,0,,0,31.96860323744055,0
87,10,0,,0,34.158640569945106,0
87,11,0,,0,52.67126651011483,0
87,12,0,,0,55.08725023229934,0
87,13,0,,0,34.188092979678665,0
87,14,0,,0,58.950383140761154,0
87,15,0,,0,45.1693894831656,0
87,16,0,,0,51.467930119855495,0
87,17,0,,0,66.12220628255425,0
87,18,0,,0,58.96839315865532,0
87,19,0,,0,47.314693520941674,0
87,20,0,,0,41.08807774584713,0
88,1,1,13.0,0,28.48184598670695,0
88,2,1,13.0,0,42.8084668075758,0
88,3,1,13.0,0,47.88869761172305,0
88,4,1,13.0,0,40.12820472848816,0
88,5,1,13.0,0,48.68743032907695,0
88,6,1,13.0,0,50.768518829587684,0
88,7,1,13.0,0,47.751440181919214,0
88,8,1,13.0,0,43.4999741917654,0
88,9,1,13.0,0,51.68654671966728,0
88,10,1,13.0,0,54.41940649569409,0
88,11,1,13.0,0,39.096009225571535,0
88,12,1,13.0,0,64.10932379746271,0
88,13,1,13.0,1,49.014118677157384,1
88,14,1,13.0,1,50.188496229448475,1
88,15,1,13.0,1,57.08214423256557,1
88,16,1,13.0,1,52.332161312635016,1
88,17,1,13.0,1,59.53136633913245,1
88,18,1,13.0,1,52.87124165201824,1
88,19,1,13.0,1,43.87562625359562,1
88,20,1,13.0,1,53.61503525206102,1
89,1,1,12.0,0,38.56273792679338,0
89,2,1,12.0,0,51.085597057765234,0
89,3,1,12.0,0,49.66770009355539,0
89,4,1,12.0,0,47.918831427274604,0
89,5,1,12.0,0,48.71462488561069,0
89,6,1,12.0,0,31.18150954502361,0
89,7,1,12.0,0,44.512750922590385,0
89,8,1,12.0,0,50.928449011411146,0
89,9,1,12.0,0,51.598563919974005,0
89,10,1,12.0,0,39.72324859074042,0
89,11,1,12.0,0,62.65707840864701,0
89,12,1,12.0,1,41.33825151785499,1
89,13,1,12.0,1,59.69457200526737,1
89,14,1,12.0,1,54.27194361871685,1
89,15,1,12.0,1,43.53772690156197,1
89,16,1,12.0,1,67.75310892609512,1
89,17,1,12.0,1,38.0636316824352,1
89,18,1,12.0,1,59.191541736100014,1
89,19,1,12.0,1,60.005823180429786,1
89,20,1,12.0,1,43.293797909233554,1
90,1,0,,0,63.92465300064329,0
90,2,0,,0,47.49953485401047,0
90,3,0,,0,52.88693629279857,0
90,4,0,,0,52.603218387712204,0
90,5,0,,0,48.65691258529452,0
90,6,0,,0,58.10808273159782,0
90,7,0,,0,57.93488720552213,0
90,8,0,,0,32.51468026761819,0
90,9,0,,0,63.043402428781526,0
90,10,0,,0,33.37508011964326,0
90,11,0,,0,60.32546204341657,0
90,12,0,,0,61.26705136827583,0
90,13,0,,0,39.09033569784802,0
90,14,0,,0,50.891857120454155,0
90,15,0,,0,43.94295331514064,0
90,16,0,,0,52.850789697112646,0
90,17,0,,0,51.919657158142584,0
90,18,0,,0,62.796605322693395,0
90,19,0,,0,68.10308746119608,0
90,20,0,,0,68.95683810789956,0
91,1,0,,0,44.37831973421698,0
91,2,0,,0,47.90778126255472,0
91,3,0,,0,33.1656180777905,0
91,4,0,,0,41.94129933503811,0
91,5,0,,0,59.64851633097457,0
91,6,0,,0,66.15582823548232,0
91,7,0,,0,42.65651128120078,0
91,8,0,,0,49.075357408471056,0
91,9,0,,0,54.73594243041073,0
91,10,0,,0,57.80161158819607,0
91,11,0,,0,46.90396480078354,0
91,12,0,,0,59.24061044464089,0
91,13,0,,0,50.26160652929084,0
91,14,0,,0,54.855477291217206,0
91,15,0,,0,60.462842480037,0
91,16,0,,0,55.064222698109376,0
91,17,0,,0,50.63614109473431,0
91,18,0,,0,53.90390196074169,0
91,19,0,,0,54.11637040794665,0
91,20,0,,0,51.29988970117872,0
92,1,1,9.0,0,47.41203937332897,0
92,2,1,9.0,0,65.98647170504717,0
92,3,1,9.0,0,55.60919447941239,0
92,4,1,9.0,0,47.045196819708394,0
92,5,1,9.0,0,56.969544045107355,0
92,6,1,9.0,0,46.6618051024399,0
92,7,1,9.0,0,61.73124637586641,0
92,8,1,9.0,0,53.69642192198094,0
92,9,1,9.0,1,48.92697855995771,1
92,10,1,9.0,1,54.477169258102776,1
92,11,1,9.0,1,34.291238479315005,1
92,12,1,9.0,1,38.73232531090195,1
92,13,1,9.0,1,38.060749936009444,1
92,14,1,9.0,1,51.429430947637066,1
92,15,1,9.0,1,67.32514999485092,1
92,16,1,9.0,1,72.31300146192632,1
92,17,1,9.0,1,56.380511014407574,1
92,18,1,9.0,1,55.00844474944457,1
92,19,1,9.0,1,31.98942265847261,1
92,20,1,9.0,1,44.57326200265978,1
93,1,0,,0,42.12216248091761,0
93,2,0,,0,43.79152401748884,0
93,3,0,,0,48.318561814152105,0
93,4,0,,0,45.27909422302873,0
93,5,0,,0,30.207001896242122,0
93,6,0,,0,57.47910256117534,0
93,7,0,,0,39.27256974260193,0
93,8,0,,0,52.39246864111149,0
93,9,0,,0,70.74082669749973,0
93,10,0,,0,40.80615408413577,0
93,11,0,,0,24.697124772536704,0
93,12,0,,0,47.139957781198895,0
93,13,0,,0,61.00959634998571,0
93,14,0,,0,69.58347454220593,0
93,15,0,,0,37.70450405547583,0
93,16,0,,0,54.966992232365214,0
93,17,0,,0,45.34689543219947,0
93,18,0,,0,48.94051645695864,0
93,19,0,,0,76.44343347017035,0
93,20,0,,0,34.970296716048466,0
94,1,1,13.0,0,52.537396614945735,0
94,2,1,13.0,0,54.676931717654334,0
94,3,1,13.0,0,60.857863249393475,0
94,4,1,13.0,0,50.97983153470896,0
94,5,1,13.0,0,53.08050539504102,0
94,6,1,13.0,0,46.08351432578209,0
94,7,1,13.0,0,52.69126941245107,0
94,8,1,13.0,0,46.5680772450259,0
94,9,1,13.0,0,56.21571889856051,0
94,10,1,13.0,0,46.30389663956366,0
94,11,1,13.0,0,53.77100393902187,0
94,12,1,13.0,0,49.707371863150215,0
94,13,1,13.0,1,61.26050250772168,1
94,14,1,13.0,1,49.48606276411514,1
94,15,1,13.0,1,32.26967531793119,1
94,16,1,13.0,1,62.619215007139914,1
94,17,1,13.0,1,40.94267699137381,1
94,18,1,13.0,1,43.4623366135118,1
94,19,1,13.0,1,44.04338705956508,1
94,20,1,13.0,1,63.74438093170817,1
95,1,1,11.0,0,28.643257860213044,0
95,2,1,11.0,0,81.37748533659993,0
95,3,1,11.0,0,60.56056809066052,0
95,4,1,11.0,0,52.2323891412916,0
95,5,1,11.0,0,49.451059993837134,0
95,6,1,11.0,0,52.85554074857657,0
95,7,1,11.0,0,55.211224283793385,0
95,8,1,11.0,0,56.45215585950057,0
95,9,1,11.0,0,55.55604466003449,0
95,10,1,11.0,0,50.895806812552486,0
95,11,1,11.0,1,48.02661579692674,1
95,12,1,11.0,1,48.487267163464885,1
95,13,1,11.0,1,48.05091719647319,1
95,14,1,11.0,1,61.337700968670646,1
95,15,1,11.0,1,55.935567222808615,1
95,16,1,11.0,1,20.596113653357197,1
95,17,1,11.0,1,56.55900776529761,1
95,18,1,11.0,1,51.94736194718775,1
95,19,1,11.0,1,49.81291243554102,1
95,20,1,11.0,1,46.11481546911114,1
96,1,1,6.0,0,61.24112719986013,0
96,2,1,6.0,0,59.475264621228575,0
96,3,1,6.0,0,42.27122332176391,0
96,4,1,6.0,0,54.07052287124535,0
96,5,1,6.0,0,40.28343265458714,0
96,6,1,6.0,1,36.203818352110694,1
96,7,1,6.0,1,43.73282775410035,1
96,8,1,6.0,1,58.62393472382759,1
96,9,1,6.0,1,59.53125045376087,1
96,10,1,6.0,1,55.130854200972934,1
96,11,1,6.0,1,57.25095786847997,1
96,12,1,6.0,1,55.16178287114958,1
96,13,1,6.0,1,43.585184047770476,1
96,14,1,6.0,1,59.31922544673941,1
96,15,1,6.0,1,63.00409525227683,1
96,16,1,6.0,1,62.542913298135744,1
96,17,1,6.0,1,66.88913371474644,1
96,18,1,6.0,1,62.083038472010635,1
96,19,1,6.0,1,58.51448207541583,1
96,20,1,6.0,1,65.70150238316427,1
97,1,1,14.0,0,49.7347874075094,0
97,2,1,14.0,0,41.18125348772282,0
97,3,1,14.0,0,48.36933036056236,0
97,4,1,14.0,0,42.55097355193551,0
97,5,1,14.0,0,43.24821725025618,0
97,6,1,14.0,0,48.55481329284482,0
97,7,1,14.0,0,42.075800790000386,0
97,8,1,14.0,0,46.9203847036096,0
97,9,1,14.0,0,31.063853330462145,0
97,10,1,14.0,0,52.13293707372939,0
97,11,1,14.0,0,50.012054753622245,0
97,12,1,14.0,0,41.82911368931809,0
97,13,1,14.0,0,56.59245668432405,0
97,14,1,14.0,1,59.37570137626558,1
97,15,1,14.0,1,38.924401356310256,1
97,16,1,14.0,1,47.37275221433786,1
97,17,1,14.0,1,47.30857650212702,1
97,18,1,14.0,1,45.600968988911355,1
97,19,1,14.0,1,63.294748419317486,1
97,20,1,14.0,1,53.06173861227197,1
98,1,1,8.0,0,47.35485158689389,0
98,2,1,8.0,0,29.961376355932465,0
98,3,1,8.0,0,56.35418030209226,0
98,4,1,8.0,0,37.60741605146528,0
98,5,1,8.0,0,50.599326302663286,0
98,6,1,8.0,0,52.773769379581914,0
98,7,1,8.0,0,63.60658595838651,0
98,8,1,8.0,1,36.91179600880888,1
98,9,1,8.0,1,19.804878441791747,1
98,10,1,8.0,1,51.83849544753695,1
98,11,1,8.0,1,68.00511181510853,1
98,12,1,8.0,1,62.38946352939438,1
98,13,1,8.0,1,57.096594152746256,1
98,14,1,8.0,1,50.08363814367953,1
98,15,1,8.0,1,63.071225966373106,1
98,16,1,8.0,1,45.26453800295531,1
98,17,1,8.0,1,59.76357769356219,1
98,18,1,8.0,1,60.054701591666266,1
98,19,1,8.0,1,65.6020990749888,1
98,20,1,8.0,1,82.59660038911078,1
99,1,1,13.0,0,53.92415967178767,0
99,2,1,13.0,0,44.910363742925014,0
99,3,1,13.0,0,49.74425687808006,0
99,4,1,13.0,0,32.30924095110882,0
99,5,1,13.0,0,48.05286868910942,0
99,6,1,13.0,0,50.90717561886896,0
99,7,1,13.0,0,49.759116020654076,0
99,8,1,13.0,0,56.52354872033722,0
99,9,1,13.0,0,46.775800676177994,0
99,10,1,13.0,0,66.21030667324472,0
99,11,1,13.0,0,55.002070649181974,0
99,12,1,13.0,0,54.90699678861385,0
99,13,1,13.0,1,51.72105283487082,1
99,14,1,13.0,1,56.551906838589794,1
99,15,1,13.0,1,63.25098264667635,1
99,16,1,13.0,1,46.328697842890996,1
99,17,1,13.0,1,48.41883510924743,1
99,18,1,13.0,1,51.96273971223335,1
99,19,1,13.0,1,41.54129076526785,1
99,20,1,13.0,1,46.807421402785025,1
100,1,0,,0,45.23779126455341,0
100,2,0,,0,58.74389180712728,0
100,3,0,,0,52.62561329001925,0
100,4,0,,0,51.93589911367545,0
100,5,0,,0,58.50897962167972,0
100,6,0,,0,48.62628211600603,0
100,7,0,,0,58.904648499288896,0
100,8,0,,0,53.96778247067504,0
100,9,0,,0,57.653623493996285,0
100,10,0,,0,49.17241342388418,0
100,11,0,,0,30.61182841723571,0
100,12,0,,0,53.65720837813696,0
100,13,0,,0,69.2274813609994,0
100,14,0,,0,64.26215402241593,0
100,15,0,,0,64.6539748459117,0
100,16,0,,0,67.36130721806218,0
100,17,0,,0,55.88657590961437,0
100,18,0,,0,56.973157074055955,0
100,19,0,,0,48.8234810456565,0
100,20,0,,0,51.8392714397295,0
