schlcode,school_enrollment,grade,classize,avgmath,avgverb,disadvantaged,female,religious
11005,54,5,28,74,71,24,1,0
11005,54,5,26,71,75,24,1,0
11006,37,5,22,64,75,38,0,1
11006,37,5,15,50,61,38,0,1
11009,32,5,32,68,74,6,0,0
11010,68,5,34,60,70,3,1,0
11010,68,5,34,62,68,3,1,0
11013,86,5,30,61,66,8,0,0
11013,86,5,26,59,70,8,0,0
11013,86,5,31,66,73,8,0,0
11015,95,5,32,77,80,6,0,0
11015,95,5,32,71,76,6,0,0
11015,95,5,31,81,85,6,0,0
11017,77,5,39,66,70,9,1,0
11017,77,5,38,69,72,9,1,0
11020,97,5,31,71,78,5,0,0
11020,97,5,33,77,78,5,0,0
11020,97,5,33,73,77,5,0,0
11021,58,5,30,58,73,11,1,0
11021,58,5,28,57,68,11,1,0
11027,97,5,34,71,81,5,1,0
11027,97,5,29,65,73,5,1,0
11027,97,5,34,64,73,5,1,0
11029,70,5,34,56,65,11,1,0
11029,70,5,36,58,74,11,1,0
11031,42,5,23,67,75,12,1,0
11031,42,5,19,64,69,12,1,0
11032,95,5,32,50,61,13,1,0
11032,95,5,31,60,69,13,1,0
11032,95,5,29,60,63,13,1,0
11034,56,5,28,65,71,11,0,0
11034,56,5,28,67,71,11,0,0
11044,11,5,17,56,69,50,0,1
11045,76,5,38,69,75,9,1,1
11045,76,5,38,67,75,9,1,1
11048,74,5,38,68,82,11,0,1
11048,74,5,36,75,76,11,0,1
11054,35,5,35,63,68,17,0,1
11058,82,5,25,63,73,13,1,1
11058,82,5,29,63,72,13,1,1
11058,82,5,26,54,76,13,1,1
11061,46,5,16,44,62,15,1,1
11061,46,5,30,57,74,15,1,1
11064,40,5,40,49,53,25,0,1
11065,20,5,20,68,74,42,0,1
11067,62,5,22,48,61,31,1,1
11067,62,5,29,52,66,31,1,1
11072,41,5,21,69,72,25,0,1
11072,41,5,20,61,72,25,0,1
11073,60,5,30,72,85,7,1,0
11073,60,5,30,65,73,7,1,0
11106,58,5,29,78,80,3,1,0
11106,58,5,29,78,86,3,1,0
11108,12,5,12,49,57,54,0,1
11109,119,5,24,64,72,5,0,0
11109,119,5,26,71,83,5,0,0
11109,119,5,32,67,81,5,0,0
11109,119,5,26,63,71,5,0,0
11111,106,5,33,64,75,5,1,0
11111,106,5,30,56,73,5,1,0
11111,106,5,31,62,77,5,1,0
11115,57,5,30,58,77,11,0,1
11115,57,5,27,62,73,11,0,1
11117,66,5,28,63,67,31,0,0
11117,66,5,27,58,63,31,0,0
11119,83,5,29,48,76,21,1,1
11119,83,5,24,56,69,21,1,1
11119,83,5,30,63,82,21,1,1
11120,106,5,35,54,72,2,0,0
11120,106,5,35,55,69,2,0,0
11120,106,5,36,58,75,2,0,0
11126,47,5,22,54,66,16,1,1
11126,47,5,25,55,66,16,1,1
11127,29,5,29,63,78,6,1,0
11128,79,5,22,81,79,12,1,1
11128,79,5,31,74,78,12,1,1
11128,79,5,26,75,80,12,1,1
11132,106,5,35,61,76,9,0,1
11132,106,5,32,67,76,9,0,1
11132,106,5,31,56,74,9,0,1
11133,29,5,29,72,80,7,0,1
11134,60,5,28,70,85,2,1,0
11134,60,5,32,70,83,2,1,0
11135,65,5,33,80,81,4,1,0
11135,65,5,32,72,79,4,1,0
11144,80,5,27,56,66,10,1,0
11144,80,5,26,60,70,10,1,0
11144,80,5,27,62,62,10,1,0
11150,101,5,34,73,74,2,1,0
11150,101,5,33,66,71,2,1,0
11150,101,5,34,69,71,2,1,0
11151,42,5,22,49,69,42,1,1
11151,42,5,20,49,53,42,1,1
11152,68,5,34,73,74,5,0,0
11152,68,5,34,76,80,5,0,0
11159,50,5,26,75,81,17,1,1
11159,50,5,24,59,70,17,1,1
11161,40,5,18,62,77,19,1,1
11161,40,5,22,62,73,19,1,1
11165,21,5,21,78,78,1,0,0
11168,24,5,24,58,73,5,0,0
11170,67,5,43,74,85,2,0,1
11170,67,5,24,78,86,2,0,1
11171,74,5,33,71,77,8,1,1
11171,74,5,41,63,70,8,1,1
11172,13,5,13,81,86,7,1,1
11181,64,5,32,68,72,8,1,0
11181,64,5,32,60,73,8,1,0
11182,46,5,23,69,79,9,1,1
11182,46,5,23,75,83,9,1,1
11183,79,5,39,64,78,1,0,0
11183,79,5,40,68,76,1,0,0
11184,81,5,41,75,79,5,0,1
11184,81,5,40,78,83,5,0,1
11187,115,5,37,68,75,4,0,0
11187,115,5,39,74,79,4,0,0
11187,115,5,40,84,81,4,0,0
11188,60,5,25,47,71,12,1,0
11188,60,5,30,39,57,12,1,0
11189,32,5,32,81,77,11,1,1
11190,81,5,27,63,70,5,0,0
11190,81,5,27,68,77,5,0,0
11190,81,5,27,73,72,5,0,0
11196,28,5,28,73,81,0,0,1
11201,99,5,35,67,78,3,0,0
11201,99,5,30,72,81,3,0,0
11201,99,5,34,71,78,3,0,0
11203,23,5,23,67,82,0,0,0
11205,20,5,20,70,78,3,0,1
11207,75,5,25,62,64,10,0,0
11207,75,5,27,67,68,10,0,0
11207,75,5,23,70,75,10,0,0
11209,33,5,33,59,76,0,0,0
11212,32,5,32,78,83,2,0,1
11213,101,5,36,75,77,7,1,0
11213,101,5,32,69,75,7,1,0
11213,101,5,33,71,82,7,1,0
11217,102,5,31,55,68,5,0,0
11217,102,5,35,65,71,5,0,0
11217,102,5,36,64,71,5,0,0
11218,107,5,32,74,78,6,1,0
11218,107,5,31,68,67,6,1,0
11218,107,5,32,66,72,6,1,0
11219,22,5,22,80,79,3,0,0
11220,138,5,36,65,76,4,0,0
11220,138,5,34,76,79,4,0,0
11220,138,5,34,73,85,4,0,0
11220,138,5,34,80,83,4,0,0
11221,94,5,38,71,80,11,0,1
11222,75,5,26,68,79,3,1,1
11222,75,5,25,67,76,3,1,1
11222,75,5,24,66,70,3,1,1
11225,70,5,25,74,77,2,1,1
11227,114,5,33,67,81,0,1,0
11227,114,5,34,69,78,0,1,0
11227,114,5,35,66,77,0,1,0
11228,39,5,39,68,73,19,1,1
11233,53,5,28,64,76,11,0,1
11233,53,5,25,61,73,11,0,1
11234,214,5,34,66,74,10,0,0
11234,214,5,34,73,75,10,0,0
11234,214,5,34,65,78,10,0,0
11234,214,5,34,73,77,10,0,0
11235,39,5,40,63,79,8,0,0
11238,32,5,32,68,76,1,0,0
11239,71,5,36,62,73,3,0,1
11239,71,5,35,69,80,3,0,1
11247,64,5,29,56,63,5,1,0
11247,64,5,35,57,69,5,1,0
11248,154,5,38,72,71,5,0,0
11248,154,5,39,69,75,5,0,0
11248,154,5,38,60,71,5,0,0
11248,154,5,39,66,79,5,0,0
11249,20,5,20,67,83,15,0,1
11250,125,5,38,68,75,8,0,0
11250,125,5,36,68,74,8,0,0
11250,125,5,36,66,72,8,0,0
11251,10,5,10,75,84,8,1,1
11256,30,5,30,72,78,3,0,0
11257,21,5,21,62,67,5,1,1
11258,59,5,23,72,78,3,0,0
11258,59,5,25,72,72,3,0,0
11259,58,5,19,67,78,0,0,0
11259,58,5,21,62,83,0,0,0
11281,29,5,29,76,85,3,1,1
11295,22,5,15,56,72,5,1,1
11307,30,5,30,75,75,5,0,0
11317,28,5,28,66,74,0,0,1
21005,22,5,22,69,81,0,0,0
21006,63,5,31,65,82,2,0,0
21006,63,5,32,62,79,2,0,0
21010,18,5,18,63,71,43,0,1
21012,33,5,33,67,84,1,1,0
21013,24,5,24,87,88,0,1,0
21021,21,5,21,66,76,0,0,0
21026,95,5,26,74,75,27,1,0
21026,95,5,25,70,72,27,1,0
21026,95,5,26,57,69,27,1,0
21026,95,5,9,67,75,27,1,0
21028,42,5,27,62,66,40,1,0
21029,42,5,22,61,66,44,1,1
21029,42,5,20,59,71,44,1,1
21030,42,5,33,58,65,65,0,1
21031,52,5,26,64,74,36,0,1
21031,52,5,26,72,76,36,0,1
21032,51,5,24,56,70,13,0,0
21032,51,5,27,59,68,13,0,0
21041,23,5,23,69,85,3,1,0
21042,37,5,26,51,78,0,1,0
21043,45,5,23,62,78,1,0,0
21043,45,5,22,59,82,1,0,0
21048,81,5,27,72,70,13,0,0
21048,81,5,26,62,71,13,0,0
21048,81,5,28,70,76,13,0,0
21050,54,5,26,68,77,3,0,0
21050,54,5,28,72,85,3,0,0
21052,24,5,24,66,84,0,1,0
21057,51,5,25,72,89,2,1,0
21057,51,5,26,66,83,2,1,0
21064,52,5,25,57,70,1,0,0
21064,52,5,27,55,69,1,0,0
21065,14,5,14,71,86,0,1,0
21067,45,5,21,64,62,38,1,0
21067,45,5,24,59,62,38,1,0
21068,59,5,30,57,73,33,0,1
21068,59,5,29,64,70,33,0,1
21069,114,5,34,59,67,16,0,0
21069,114,5,36,69,72,16,0,0
21069,114,5,33,68,68,16,0,0
21070,120,5,36,55,58,14,1,0
21070,120,5,35,70,72,14,1,0
21070,120,5,35,58,64,14,1,0
21073,95,5,31,76,77,16,0,0
21073,95,5,30,64,66,16,0,0
21073,95,5,34,67,73,16,0,0
21074,42,5,21,38,44,52,1,0
21074,42,5,21,42,46,52,1,0
21077,25,5,25,46,58,48,0,1
21078,85,5,29,58,62,36,1,1
21078,85,5,29,55,71,36,1,1
21078,85,5,27,60,72,36,1,1
21079,31,5,31,48,57,60,0,1
21080,24,5,24,59,69,14,0,0
21081,24,5,24,51,65,49,1,1
21088,35,5,35,71,78,7,1,0
21089,65,5,33,69,71,14,1,0
21089,65,5,32,80,76,14,1,0
21090,29,5,21,69,78,42,1,1
21091,22,5,22,61,80,0,0,0
21093,41,5,20,72,81,0,1,0
21093,41,5,21,68,85,0,1,0
21094,80,5,41,58,75,3,0,0
21094,80,5,39,62,76,3,0,0
21095,22,5,22,69,78,2,1,0
21096,60,5,23,69,83,3,1,0
21096,60,5,24,76,83,3,1,0
21097,53,5,27,62,80,0,1,0
21097,53,5,26,59,80,0,1,0
21102,65,5,33,73,85,8,0,0
21102,65,5,32,77,86,8,0,0
21105,18,5,18,69,82,0,1,0
21111,33,5,22,66,66,49,0,1
21112,94,5,30,54,73,7,0,1
21112,94,5,31,56,69,7,0,1
21112,94,5,33,49,74,7,0,1
21114,20,5,20,70,79,1,0,0
21116,15,5,15,70,85,25,0,0
21117,72,5,29,75,69,21,0,0
21117,72,5,30,81,72,21,0,0
21118,88,5,37,71,78,24,0,0
21118,88,5,37,66,76,24,0,0
21119,30,5,20,47,72,63,1,1
21123,17,5,17,78,78,0,1,0
21126,20,5,20,76,80,3,1,0
21127,46,5,21,52,60,43,1,1
21127,46,5,25,68,75,43,1,1
21130,23,5,23,54,66,22,1,0
21132,66,5,28,75,85,0,0,0
21132,66,5,28,73,80,0,0,0
21134,23,5,23,73,81,10,0,0
21137,87,5,29,61,74,18,0,0
21137,87,5,30,61,71,18,0,0
21137,87,5,28,62,77,18,0,0
21138,25,5,25,58,76,48,0,1
21141,16,5,16,74,81,0,0,0
21144,51,5,25,82,84,1,0,0
21144,51,5,26,78,84,1,0,0
21145,82,5,27,85,86,3,0,0
21145,82,5,29,79,85,3,0,0
21145,82,5,26,76,84,3,0,0
21146,48,5,24,68,67,17,1,0
21146,48,5,24,64,75,17,1,0
21147,124,5,39,71,77,3,1,0
21147,124,5,38,69,78,3,1,0
21147,124,5,37,73,72,3,1,0
21148,42,5,22,49,64,38,0,0
21148,42,5,20,47,64,38,0,0
21149,92,5,31,54,67,20,1,0
21149,92,5,30,56,63,20,1,0
21149,92,5,31,63,75,20,1,0
21151,120,5,40,70,80,4,1,0
21151,120,5,40,69,77,4,1,0
21151,120,5,40,73,82,4,1,0
21153,24,5,24,62,74,30,1,1
21160,41,5,27,62,73,24,0,0
21160,41,5,27,43,61,24,0,0
21162,52,5,40,60,64,22,1,0
21163,26,5,26,54,69,20,1,0
21166,23,5,24,68,86,2,1,0
21168,43,5,21,73,85,0,0,0
21168,43,5,22,73,81,0,0,0
21171,23,5,23,79,88,0,1,0
21173,34,5,34,64,80,4,0,0
21175,42,5,22,65,77,0,1,0
21175,42,5,20,60,79,0,1,0
21176,12,5,12,64,69,3,0,0
21178,48,5,27,58,73,21,0,0
21178,48,5,21,64,57,21,0,0
21179,113,5,34,66,72,23,0,0
21179,113,5,32,59,58,23,0,0
21179,113,5,32,64,72,23,0,0
21181,83,5,37,69,84,15,0,0
21181,83,5,34,65,77,15,0,0
21182,54,5,25,56,62,5,1,0
21182,54,5,29,53,66,5,1,0
21184,46,5,23,72,76,33,1,1
21184,46,5,23,77,77,33,1,1
21185,38,5,19,57,74,35,1,1
21185,38,5,19,61,70,35,1,1
21190,72,5,32,57,57,30,1,0
21190,72,5,32,66,68,30,1,0
21191,128,5,40,72,75,11,1,0
21191,128,5,40,72,75,11,1,0
21191,128,5,39,69,73,11,1,0
21192,81,5,36,58,64,20,1,0
21192,81,5,36,51,56,20,1,0
21194,86,5,29,57,59,28,1,1
21194,86,5,29,61,67,28,1,1
21194,86,5,28,81,88,28,1,1
21195,48,5,21,55,65,71,0,1
21195,48,5,27,42,59,71,0,1
21196,41,5,20,45,63,76,1,1
21196,41,5,21,39,55,76,1,1
21200,24,5,24,82,83,5,0,0
21201,27,5,14,60,63,49,0,1
21201,27,5,13,48,55,49,0,1
21203,56,5,27,69,78,8,1,0
21203,56,5,29,66,75,8,1,0
21204,27,5,27,65,75,41,1,0
21205,75,5,36,69,72,21,0,0
21205,75,5,39,64,75,21,0,0
21206,35,5,35,63,72,32,0,1
21208,60,5,27,60,65,40,1,0
21208,60,5,33,65,72,40,1,0
21209,75,5,38,62,68,41,0,0
21209,75,5,37,75,77,41,0,0
21210,66,5,33,69,72,46,1,0
21210,66,5,33,68,66,46,1,0
21211,22,5,22,66,58,56,0,1
21212,56,5,28,66,75,44,0,1
21212,56,5,28,68,65,44,0,1
21213,22,5,22,72,81,0,0,0
21214,34,5,34,71,80,4,1,0
21215,41,5,21,71,82,3,1,0
21215,41,5,20,72,85,3,1,0
21221,52,5,25,67,73,6,0,0
21221,52,5,27,75,79,6,0,0
21227,109,5,32,61,81,4,0,1
21227,109,5,31,50,72,4,0,1
21227,109,5,31,60,80,4,0,1
21229,12,5,12,50,77,5,1,1
21235,25,5,25,44,63,35,1,0
21236,44,5,24,63,76,35,0,1
21236,44,5,20,63,64,35,0,1
21241,43,5,22,66,77,2,0,0
21241,43,5,21,72,79,2,0,0
21258,20,5,20,51,70,63,0,1
21265,58,5,32,64,72,34,1,0
21265,58,5,26,69,77,34,1,0
21268,99,5,28,64,65,38,0,1
21268,99,5,28,51,60,38,0,1
21273,34,5,23,56,65,33,0,0
21275,21,5,21,60,75,11,1,0
21276,23,5,23,58,73,59,1,1
21277,59,5,29,54,68,11,1,0
21277,59,5,30,46,58,11,1,0
21279,50,5,26,69,73,34,1,1
21279,50,5,24,64,68,34,1,1
21280,17,5,17,69,77,7,0,0
21281,48,5,27,71,77,43,0,1
21281,48,5,21,75,77,43,0,1
21282,65,5,27,68,72,31,0,0
21282,65,5,27,59,72,31,0,0
21285,24,5,24,56,63,45,1,0
21293,50,5,25,69,75,27,1,0
21293,50,5,25,67,75,27,1,0
21307,86,5,40,68,70,10,1,0
21307,86,5,40,68,75,10,1,0
21310,64,5,26,73,79,44,0,1
21310,64,5,26,54,69,44,0,1
21312,70,5,36,64,76,10,1,0
21312,70,5,34,54,77,10,1,0
21313,45,5,23,62,86,3,1,0
21313,45,5,22,67,84,3,1,0
21315,74,5,27,65,84,8,0,1
21316,33,5,11,58,64,24,1,1
21316,33,5,22,50,64,24,1,1
21322,100,5,33,67,69,24,0,0
21322,100,5,33,71,69,24,0,0
21322,100,5,34,74,73,24,0,0
21323,48,5,25,74,85,4,0,0
21323,48,5,23,65,85,4,0,0
21327,45,5,23,76,78,1,1,0
21327,45,5,22,70,82,1,1,0
21328,80,5,40,60,65,12,0,0
21328,80,5,40,64,69,12,0,0
21330,74,5,37,49,74,6,1,0
21330,74,5,37,51,75,6,1,0
21331,57,5,31,65,75,19,1,0
21331,57,5,26,58,65,19,1,0
21338,89,5,38,65,77,5,1,0
21338,89,5,40,57,73,5,1,0
21340,60,5,30,65,75,30,1,0
21340,60,5,30,51,64,30,1,0
21341,120,5,40,67,76,0,0,0
21341,120,5,40,64,73,0,0,0
21341,120,5,40,67,80,0,0,0
21350,74,5,30,69,68,32,0,0
21350,74,5,28,61,64,32,0,0
21351,43,5,21,72,86,0,0,0
21351,43,5,22,77,90,0,0,0
21356,58,5,29,69,71,28,1,1
21356,58,5,29,60,68,28,1,1
21357,19,5,19,69,77,0,0,1
21359,43,5,21,54,71,10,0,1
21359,43,5,22,60,71,10,0,1
21361,105,5,39,54,73,2,0,0
21361,105,5,33,58,65,2,0,0
21361,105,5,33,54,76,2,0,0
21362,62,5,31,62,70,13,1,0
21362,62,5,31,72,74,13,1,0
21363,149,5,38,71,75,9,0,0
21363,149,5,28,56,71,9,0,0
21363,149,5,35,60,72,9,0,0
21363,149,5,38,68,73,9,0,0
21366,133,5,32,74,87,1,1,0
21366,133,5,34,75,81,1,1,0
21366,133,5,33,72,76,1,1,0
21366,133,5,34,74,82,1,1,0
21367,131,5,32,62,76,3,0,0
21367,131,5,34,68,77,3,0,0
21367,131,5,33,60,79,3,0,0
21367,131,5,32,67,81,3,0,0
21370,68,5,34,67,73,9,0,0
21370,68,5,34,75,73,9,0,0
21371,79,5,39,66,77,3,0,0
21371,79,5,40,79,86,3,0,0
21373,50,5,25,82,84,1,1,0
21373,50,5,25,79,85,1,1,0
21374,47,5,24,83,84,0,1,0
21374,47,5,23,85,84,0,1,0
21375,78,5,39,55,63,11,0,0
21375,78,5,39,54,63,11,0,0
21379,70,5,35,69,78,12,0,0
21379,70,5,35,70,70,12,0,0
31001,72,5,30,63,60,31,0,0
31001,72,5,28,63,62,31,0,0
31002,60,5,23,73,80,41,1,1
31002,60,5,29,67,65,41,1,1
31007,62,5,22,80,83,7,0,0
31007,62,5,22,70,79,7,0,0
31008,18,5,18,62,63,42,1,1
31012,19,5,19,55,74,4,0,0
31017,95,5,33,66,71,12,0,0
31017,95,5,30,66,77,12,0,0
31017,95,5,32,66,74,12,0,0
31019,20,5,20,69,70,32,1,1
31021,74,5,31,45,63,32,1,0
31021,74,5,31,54,69,32,1,0
31022,134,5,40,61,74,7,0,0
31022,134,5,41,65,79,7,0,0
31022,134,5,40,61,78,7,0,0
31023,145,5,36,70,78,5,1,0
31023,145,5,37,83,80,5,1,0
31023,145,5,36,54,67,5,1,0
31023,145,5,36,66,72,5,1,0
31025,71,5,27,68,74,17,0,0
31025,71,5,32,63,71,17,0,0
31026,48,5,35,57,67,30,0,0
31027,87,5,35,78,80,10,0,0
31027,87,5,37,73,81,10,0,0
31028,61,5,23,55,70,13,0,0
31028,61,5,25,52,70,13,0,0
31029,17,5,17,64,63,58,0,1
31030,45,5,23,63,68,31,0,1
31030,45,5,22,58,71,31,0,1
31031,44,5,20,68,72,41,0,1
31031,44,5,24,74,72,41,0,1
31033,26,5,26,47,60,41,0,1
31034,14,5,14,78,75,36,0,1
31035,59,5,35,68,78,26,1,1
31035,59,5,34,63,71,26,1,1
31037,158,5,40,80,83,1,1,0
31037,158,5,40,80,86,1,1,0
31037,158,5,40,80,82,1,1,0
31037,158,5,38,86,85,1,1,0
31038,112,5,33,70,79,1,0,0
31038,112,5,32,81,83,1,0,0
31038,112,5,30,70,81,1,0,0
31039,153,5,39,77,81,3,0,0
31039,153,5,38,81,84,3,0,0
31039,153,5,38,74,80,3,0,0
31039,153,5,38,80,83,3,0,0
31040,44,5,40,80,84,4,0,0
31045,84,5,35,72,84,8,1,0
31045,84,5,37,67,73,8,1,0
31046,42,5,32,61,72,10,0,0
31047,171,5,35,75,68,3,0,0
31047,171,5,34,66,80,3,0,0
31047,171,5,35,68,73,3,0,0
31047,171,5,27,94,94,3,0,0
31048,55,5,20,58,77,11,0,0
31048,55,5,12,72,77,11,0,0
31049,59,5,27,87,85,2,0,0
31049,59,5,32,82,85,2,0,0
31052,85,5,28,85,84,2,0,0
31052,85,5,29,86,87,2,0,0
31052,85,5,28,85,87,2,0,0
31055,71,5,37,78,86,3,0,0
31055,71,5,34,76,85,3,0,0
31056,90,5,33,68,73,4,0,0
31056,90,5,36,70,81,4,0,0
31060,78,5,29,62,68,13,1,0
31060,78,5,29,57,71,13,1,0
31062,154,5,34,68,77,5,0,0
31062,154,5,37,75,82,5,0,0
31062,154,5,35,69,74,5,0,0
31062,154,5,38,77,80,5,0,0
31063,41,5,21,69,80,6,1,0
31063,41,5,20,69,79,6,1,0
31067,71,5,26,61,77,17,1,0
31067,71,5,22,63,68,17,1,0
31068,48,5,24,64,67,15,0,0
31068,48,5,24,66,65,15,0,0
31069,69,5,24,63,82,6,0,0
31069,69,5,26,60,74,6,0,0
31070,47,5,37,70,75,11,0,0
31073,26,5,26,62,71,16,0,0
31075,80,5,37,85,89,6,0,0
31075,80,5,34,87,87,6,0,0
31077,77,5,26,74,68,13,0,0
31077,77,5,26,71,72,13,0,0
31078,90,5,39,82,78,4,1,0
31078,90,5,37,76,78,4,1,0
31079,79,5,20,70,76,12,0,1
31079,79,5,20,73,83,12,0,1
31079,79,5,32,59,74,12,0,1
31083,22,5,22,70,76,38,0,1
31084,64,5,33,80,84,8,1,1
31084,64,5,31,73,82,8,1,1
31085,23,5,23,52,70,28,0,1
31086,9,5,9,47,46,51,1,1
31087,66,5,33,76,85,5,1,1
31087,66,5,33,75,85,5,1,1
31089,52,5,26,64,65,15,0,0
31089,52,5,26,70,71,15,0,0
31090,116,5,29,67,66,17,1,0
31090,116,5,26,66,62,17,1,0
31090,116,5,28,68,69,17,1,0
31090,116,5,22,71,71,17,1,0
31092,16,5,16,59,73,23,1,1
31095,22,5,22,83,85,0,0,0
31097,118,5,40,58,77,10,0,0
31097,118,5,40,59,73,10,0,0
31097,118,5,38,60,72,10,0,0
31098,57,5,24,63,60,16,0,0
31098,57,5,9,67,64,16,0,0
31099,27,5,27,65,72,20,1,0
31100,144,5,34,69,76,10,0,0
31100,144,5,30,64,80,10,0,0
31100,144,5,35,55,70,10,0,0
31100,144,5,35,60,74,10,0,0
31101,40,5,40,57,60,50,0,1
31102,102,5,22,72,73,14,1,1
31102,102,5,22,74,84,14,1,1
31102,102,5,21,77,75,14,1,1
31102,102,5,22,74,77,14,1,1
31103,19,5,19,72,79,2,1,0
31107,63,5,31,64,79,7,0,0
31107,63,5,32,61,76,7,0,0
31108,21,5,21,77,82,28,1,1
31109,89,5,38,65,75,2,0,0
31109,89,5,37,69,78,2,0,0
31114,20,5,20,67,79,1,0,0
31115,17,5,17,63,73,0,0,0
31116,33,5,33,75,86,0,0,0
31120,16,5,16,66,74,11,1,1
31121,56,5,24,76,77,13,1,0
31121,56,5,20,60,64,13,1,0
31122,52,5,33,81,80,9,0,0
31122,52,5,33,73,78,9,0,0
31125,35,5,35,76,73,17,0,0
31129,43,5,21,61,81,2,1,0
31129,43,5,22,60,78,2,1,0
31130,20,5,20,68,79,2,1,0
31132,20,5,20,67,74,18,1,0
31133,40,5,40,66,73,19,1,0
31134,14,5,14,45,64,46,0,1
31135,100,5,29,67,76,6,0,0
31135,100,5,29,58,73,6,0,0
31135,100,5,32,57,67,6,0,0
31136,56,5,23,67,71,21,0,0
31136,56,5,23,69,77,21,0,0
31139,63,5,30,65,74,22,1,1
31139,63,5,33,61,73,22,1,1
31141,20,5,20,44,53,60,0,1
31143,112,5,36,74,79,4,1,0
31143,112,5,34,69,79,4,1,0
31143,112,5,32,73,74,4,1,0
31145,127,5,35,71,80,2,1,0
31145,127,5,36,78,82,2,1,0
31145,127,5,32,74,80,2,1,0
31148,92,5,34,60,74,14,0,0
31148,92,5,29,56,68,14,0,0
31148,92,5,29,60,66,14,0,0
31151,29,5,29,70,80,9,1,0
31152,51,5,26,74,80,5,0,0
31152,51,5,25,74,84,5,0,0
31153,99,5,28,78,85,2,1,0
31153,99,5,32,81,81,2,1,0
31153,99,5,28,76,79,2,1,0
31154,10,5,10,72,77,40,1,1
31156,117,5,36,69,78,6,0,0
31156,117,5,33,64,74,6,0,0
31156,117,5,30,62,78,6,0,0
31157,81,5,29,71,71,17,0,0
31157,81,5,30,67,69,17,0,0
31159,49,5,21,73,72,57,1,1
31160,95,5,30,54,74,5,0,0
31160,95,5,33,71,82,5,0,0
31160,95,5,32,62,77,5,0,0
31161,92,5,28,76,80,5,1,0
31161,92,5,30,78,82,5,1,0
31161,92,5,34,74,81,5,1,0
31162,69,5,34,72,82,13,0,1
31162,69,5,35,79,83,13,0,1
31164,25,5,25,76,82,15,1,0
31165,20,5,20,70,76,43,1,1
31167,14,5,14,81,86,4,0,0
31168,11,5,11,82,87,0,0,0
31188,127,5,34,61,67,15,0,0
31188,127,5,34,54,68,15,0,0
31188,127,5,35,62,67,15,0,0
31189,113,5,35,64,74,7,1,0
31189,113,5,30,63,78,7,1,0
31189,113,5,28,57,72,7,1,0
31207,44,5,31,52,75,9,0,0
31208,92,5,29,80,84,2,0,0
31208,92,5,30,68,75,2,0,0
31208,92,5,33,75,72,2,0,0
31209,92,5,38,77,85,8,0,0
31209,92,5,38,73,79,8,0,0
31210,78,5,40,81,83,3,0,0
31210,78,5,38,81,84,3,0,0
31212,29,5,29,56,66,44,1,1
31213,70,5,27,80,73,20,0,0
31213,70,5,29,79,77,20,0,0
31214,35,5,25,81,84,4,0,0
31216,150,5,38,78,84,6,0,0
31216,150,5,30,70,80,6,0,0
31216,150,5,33,74,80,6,0,0
31216,150,5,34,77,86,6,0,0
31217,116,5,34,48,52,26,0,0
31217,116,5,35,56,69,26,0,0
31217,116,5,34,59,72,26,0,0
31219,47,5,19,31,47,40,0,0
31219,47,5,19,47,54,40,0,0
31220,121,5,38,68,71,11,1,0
31220,121,5,38,76,76,11,1,0
31220,121,5,36,60,66,11,1,0
31222,42,5,21,64,67,44,1,1
31222,42,5,21,62,73,44,1,1
31224,22,5,22,49,52,50,1,1
31232,24,5,12,61,76,6,1,0
31235,100,5,31,75,77,3,1,0
31235,100,5,14,80,76,3,1,0
31235,100,5,28,76,78,3,1,0
31237,48,5,27,87,86,2,1,0
31237,48,5,21,77,83,2,1,0
31238,59,5,29,72,69,6,1,0
31238,59,5,30,69,73,6,1,0
31239,66,5,33,67,78,6,0,0
31239,66,5,33,70,82,6,0,0
31242,89,5,38,69,80,10,0,0
31242,89,5,39,63,71,10,0,0
31243,113,5,39,81,84,0,1,0
31243,113,5,36,77,85,0,1,0
31243,113,5,38,70,84,0,1,0
31250,117,5,38,63,80,7,0,0
31250,117,5,40,67,77,7,0,0
31250,117,5,39,56,70,7,0,0
31252,150,5,37,75,76,4,0,0
31252,150,5,37,73,81,4,0,0
31252,150,5,37,80,83,4,0,0
31253,59,5,26,61,72,23,1,1
31253,59,5,24,53,64,23,1,1
31255,21,5,21,59,61,46,1,1
31256,60,5,30,78,81,5,0,0
31256,60,5,30,79,79,5,0,0
31257,121,5,37,67,69,7,1,0
31257,121,5,36,86,84,7,1,0
31257,121,5,35,84,80,7,1,0
31259,43,5,24,56,77,31,1,1
31260,34,5,15,44,54,30,0,1
31261,130,5,38,65,72,6,0,0
31261,130,5,38,71,77,6,0,0
31261,130,5,37,70,87,6,0,0
31262,45,5,24,78,83,10,0,1
31262,45,5,21,65,82,10,0,1
31265,41,5,27,76,83,5,1,0
41001,36,5,23,81,83,8,1,0
41002,130,5,35,67,78,3,0,0
41002,130,5,37,74,81,3,0,0
41002,130,5,38,66,78,3,0,0
41003,41,5,21,69,73,31,0,1
41003,41,5,20,65,69,31,0,1
41006,15,5,15,68,72,19,1,1
41009,58,5,24,81,82,10,0,1
41009,58,5,24,75,81,10,0,1
41010,45,5,23,72,77,10,1,0
41010,45,5,22,55,61,10,1,0
41012,29,5,29,58,64,33,1,1
41016,11,5,11,53,60,28,1,0
41017,29,5,29,65,65,30,0,1
41018,30,5,30,73,84,1,1,0
41019,27,5,27,79,81,5,0,0
41020,134,5,35,71,74,2,1,0
41020,134,5,33,80,79,2,1,0
41020,134,5,31,63,74,2,1,0
41020,134,5,35,70,81,2,1,0
41023,51,5,24,79,76,11,0,0
41023,51,5,27,72,76,11,0,0
41024,43,5,20,63,86,11,1,0
41024,43,5,23,61,88,11,1,0
41025,52,5,25,70,76,11,0,0
41025,52,5,27,70,78,11,0,0
41029,89,5,30,63,78,0,1,0
41029,89,5,29,66,78,0,1,0
41029,89,5,30,68,82,0,1,0
41030,19,5,19,58,77,0,0,0
41032,107,5,34,80,81,12,0,0
41032,107,5,34,74,72,12,0,0
41032,107,5,31,80,75,12,0,0
41034,73,5,33,72,80,12,0,0
41034,73,5,29,76,80,12,0,0
41035,41,5,21,63,69,21,1,1
41035,41,5,20,61,67,21,1,1
41037,58,5,20,66,69,18,0,0
41037,58,5,22,60,71,18,0,0
41039,32,5,32,58,66,24,0,1
41040,73,5,32,68,78,6,1,0
41040,73,5,31,77,79,6,1,0
41041,21,5,21,73,78,9,0,1
41045,96,5,31,62,68,10,1,0
41045,96,5,34,75,79,10,1,0
41045,96,5,31,68,69,10,1,0
41046,19,5,19,78,77,6,0,0
41058,42,5,22,70,78,16,0,1
41058,42,5,20,65,82,16,0,1
41059,16,5,16,72,79,40,0,1
41060,92,5,29,70,75,10,1,0
41060,92,5,32,67,76,10,1,0
41060,92,5,31,62,71,10,1,0
41061,87,5,35,63,76,12,0,0
41061,87,5,38,54,70,12,0,0
41062,139,5,34,75,72,13,1,0
41062,139,5,28,74,86,13,1,0
41062,139,5,31,64,75,13,1,0
41063,67,5,32,74,79,20,0,1
41063,67,5,35,62,68,20,0,1
41066,22,5,22,59,71,22,0,1
41068,23,5,23,73,78,0,0,0
41071,73,5,36,63,74,3,1,0
41071,73,5,37,69,77,3,1,0
41072,41,5,21,73,79,9,0,1
41072,41,5,20,69,84,9,0,1
41073,119,5,34,73,80,4,0,0
41073,119,5,37,78,82,4,0,0
41073,119,5,38,74,75,4,0,0
41074,20,5,20,72,66,11,0,1
41077,66,5,32,68,72,25,1,0
41077,66,5,34,68,76,25,1,0
41078,226,5,38,78,82,9,1,0
41078,226,5,36,72,74,9,1,0
41078,226,5,35,76,82,9,1,0
41078,226,5,36,69,79,9,1,0
41078,226,5,37,74,75,9,1,0
41079,25,5,25,57,59,34,0,1
41080,43,5,34,50,64,35,0,1
41081,84,5,27,65,72,16,0,0
41081,84,5,29,66,69,16,0,0
41081,84,5,28,70,66,16,0,0
41082,17,5,17,73,70,41,1,1
41083,14,5,14,80,74,54,1,1
41084,68,5,31,74,78,6,0,0
41084,68,5,25,74,77,6,0,0
41085,158,5,37,81,83,4,0,0
41085,158,5,39,81,79,4,0,0
41085,158,5,11,77,77,4,0,0
41085,158,5,36,76,85,4,0,0
41086,188,5,39,74,75,5,1,0
41086,188,5,35,77,76,5,1,0
41086,188,5,38,79,77,5,1,0
41086,188,5,40,75,74,5,1,0
41086,188,5,37,80,80,5,1,0
41087,97,5,34,66,70,9,0,0
41087,97,5,32,67,70,9,0,0
41087,97,5,31,74,72,9,0,0
41089,97,5,42,66,70,18,1,0
41089,97,5,43,58,60,18,1,0
41091,78,5,39,71,73,11,0,1
41091,78,5,39,82,81,11,0,1
41092,28,5,28,57,68,16,1,1
41093,27,5,25,61,70,51,0,1
41094,23,5,23,84,84,3,1,0
41095,51,5,23,84,81,26,1,0
41095,51,5,23,83,80,26,1,0
41096,41,5,20,58,62,36,0,1
41096,41,5,21,67,69,36,0,1
41097,43,5,22,73,80,8,1,1
41097,43,5,21,61,80,8,1,1
41098,38,5,38,38,57,36,1,0
41099,55,5,25,56,64,27,0,0
41099,55,5,30,49,59,27,0,0
41100,62,5,31,63,73,23,1,0
41100,62,5,31,71,66,23,1,0
41101,44,5,23,51,61,43,0,0
41101,44,5,21,46,59,43,0,0
41105,33,5,33,62,76,40,1,1
41106,103,5,35,74,75,4,0,0
41106,103,5,28,85,80,4,0,0
41106,103,5,11,66,74,4,0,0
41108,54,5,27,78,75,20,0,1
41108,54,5,27,71,75,20,0,1
41111,82,5,34,68,79,11,1,0
41111,82,5,28,79,83,11,1,0
41114,23,5,23,73,85,2,0,0
41116,140,5,32,59,71,9,0,0
41116,140,5,38,76,80,9,0,0
41116,140,5,34,69,77,9,0,0
41116,140,5,36,74,79,9,0,0
41118,54,5,25,66,75,4,1,0
41118,54,5,29,81,81,4,1,0
41122,19,5,19,63,76,11,1,0
41125,70,5,30,78,79,10,0,0
41125,70,5,28,81,76,10,0,0
41126,82,5,41,75,82,5,0,0
41126,82,5,41,85,85,5,0,0
41127,56,5,28,75,76,17,0,0
41127,56,5,28,78,73,17,0,0
41129,24,5,24,49,59,33,1,1
41131,47,5,23,79,81,0,1,0
41131,47,5,24,78,80,0,1,0
41132,58,5,28,75,79,0,0,0
41132,58,5,30,84,84,0,0,0
41134,51,5,24,48,48,31,0,0
41134,51,5,27,72,81,31,0,0
41135,157,5,39,80,82,8,1,0
41135,157,5,39,74,77,8,1,0
41135,157,5,40,82,89,8,1,0
41135,157,5,39,75,79,8,1,0
41136,63,5,31,74,78,24,1,0
41136,63,5,32,81,82,24,1,0
41137,134,5,40,84,82,15,0,0
41137,134,5,40,84,89,15,0,0
41137,134,5,40,80,79,15,0,0
41138,173,5,40,72,76,13,0,0
41138,173,5,38,80,80,13,0,0
41138,173,5,40,75,79,13,0,0
41138,173,5,40,73,74,13,0,0
41139,129,5,31,74,69,12,0,0
41139,129,5,28,72,76,12,0,0
41139,129,5,34,72,72,12,0,0
41139,129,5,36,69,75,12,0,0
41140,64,5,26,59,60,40,1,0
41140,64,5,12,54,62,40,1,0
41142,139,5,32,76,76,11,0,0
41142,139,5,37,85,87,11,0,0
41142,139,5,34,83,81,11,0,0
41142,139,5,36,75,75,11,0,0
41143,46,5,22,70,69,40,0,1
41143,46,5,24,55,64,40,0,1
41144,88,5,27,78,73,35,0,1
41144,88,5,31,69,69,35,0,1
41144,88,5,30,73,71,35,0,1
41145,28,5,28,66,72,19,0,1
41146,46,5,22,69,68,41,1,1
41146,46,5,24,64,62,41,1,1
41148,59,5,29,54,59,46,1,1
41148,59,5,30,53,65,46,1,1
41149,127,5,33,72,75,19,0,1
41149,127,5,30,62,70,19,0,1
41149,127,5,32,66,75,19,0,1
41149,127,5,32,72,68,19,0,1
41150,38,5,38,76,84,1,0,0
41153,10,5,10,62,75,0,0,0
41154,17,5,17,77,82,0,1,0
41155,76,5,33,72,80,1,0,0
41155,76,5,31,78,83,1,0,0
41160,126,5,39,69,75,11,0,0
41160,126,5,39,78,80,11,0,0
41160,126,5,38,73,80,11,0,0
41161,166,5,32,73,83,3,0,0
41161,166,5,33,62,77,3,0,0
41161,166,5,34,81,83,3,0,0
41161,166,5,34,73,82,3,0,0
41161,166,5,33,75,79,3,0,0
41162,84,5,28,50,66,9,0,0
41162,84,5,30,66,69,9,0,0
41162,84,5,26,93,94,9,0,0
41163,64,5,31,57,80,8,1,0
41163,64,5,33,57,83,8,1,0
41164,15,5,15,55,68,16,0,0
41165,97,5,33,65,70,10,1,0
41165,97,5,33,69,75,10,1,0
41165,97,5,31,68,76,10,1,0
41166,100,5,34,79,76,12,1,0
41166,100,5,33,75,79,12,1,0
41166,100,5,33,84,78,12,1,0
41167,28,5,28,62,74,8,0,0
41168,108,5,35,63,68,4,0,0
41168,108,5,37,75,74,4,0,0
41168,108,5,36,66,77,4,0,0
41169,73,5,38,74,76,10,1,0
41169,73,5,39,66,67,10,1,0
41170,84,5,27,56,63,11,1,0
41170,84,5,28,73,70,11,1,0
41170,84,5,29,75,77,11,1,0
41172,84,5,28,75,81,10,0,1
41172,84,5,30,80,83,10,0,1
41172,84,5,26,76,76,10,0,1
41173,83,5,27,85,79,10,1,1
41173,83,5,28,80,82,10,1,1
41173,83,5,28,83,84,10,1,1
41174,123,5,34,61,71,12,1,1
41174,123,5,27,60,61,12,1,1
41174,123,5,35,55,69,12,1,1
41174,123,5,27,70,73,12,1,1
41176,24,5,24,68,69,43,1,1
41178,49,5,24,88,88,5,0,0
41178,49,5,25,81,79,5,0,0
41179,61,5,32,72,78,5,0,0
41179,61,5,29,74,76,5,0,0
41181,53,5,22,62,70,20,0,0
41181,53,5,21,72,78,20,0,0
41182,37,5,25,62,73,45,1,1
41183,69,5,29,77,81,2,0,0
41183,69,5,32,80,83,2,0,0
41184,49,5,24,75,77,26,0,1
41184,49,5,25,78,79,26,0,1
41185,63,5,28,58,70,20,1,1
41185,63,5,27,65,72,20,1,1
41186,47,5,25,65,71,24,0,1
41186,47,5,22,66,72,24,0,1
41187,98,5,34,81,80,3,0,0
41187,98,5,33,75,70,3,0,0
41187,98,5,31,78,77,3,0,0
41189,54,5,27,79,64,14,0,0
41189,54,5,27,69,64,14,0,0
41190,199,5,37,76,73,7,0,0
41190,199,5,40,80,79,7,0,0
41190,199,5,36,72,79,7,0,0
41190,199,5,37,86,82,7,0,0
41190,199,5,38,71,74,7,0,0
41191,122,5,36,70,73,16,1,0
41191,122,5,35,64,73,16,1,0
41191,122,5,37,66,76,16,1,0
41193,44,5,20,56,69,21,0,1
41193,44,5,24,59,70,21,0,1
41194,80,5,22,82,84,17,1,1
41194,80,5,30,73,78,17,1,1
41194,80,5,28,74,82,17,1,1
41195,111,5,31,79,78,7,1,0
41195,111,5,28,69,70,7,1,0
41195,111,5,31,77,77,7,1,0
41197,98,5,31,76,82,12,1,0
41197,98,5,34,86,80,12,1,0
41197,98,5,33,86,82,12,1,0
41198,51,5,25,81,81,6,1,0
41198,51,5,26,81,78,6,1,0
41199,109,5,37,85,85,5,0,0
41199,109,5,37,77,79,5,0,0
41199,109,5,35,86,85,5,0,0
41202,112,5,38,81,81,4,0,0
41202,112,5,37,85,84,4,0,0
41202,112,5,37,76,79,4,0,0
41203,119,5,39,69,79,7,1,0
41203,119,5,40,79,81,7,1,0
41203,119,5,40,77,77,7,1,0
41206,67,5,34,75,74,10,0,1
41206,67,5,33,71,77,10,0,1
41208,92,5,28,64,80,7,1,1
41208,92,5,26,78,84,7,1,1
41208,92,5,28,75,83,7,1,1
41210,80,5,40,64,64,19,1,0
41210,80,5,40,74,76,19,1,0
41212,96,5,32,70,65,12,1,0
41212,96,5,33,65,72,12,1,0
41212,96,5,31,67,71,12,1,0
41214,21,5,21,54,59,41,0,1
41217,49,5,23,60,62,46,0,1
41217,49,5,26,64,71,46,0,1
41218,28,5,28,70,74,2,0,0
41220,125,5,38,66,78,3,0,0
41220,125,5,40,65,78,3,0,0
41220,125,5,35,67,81,3,0,0
41221,155,5,35,78,81,5,0,0
41221,155,5,37,77,77,5,0,0
41221,155,5,36,78,82,5,0,0
41221,155,5,36,75,83,5,0,0
41225,135,5,32,80,80,8,0,1
41225,135,5,31,81,84,8,0,1
41225,135,5,29,75,80,8,0,1
41225,135,5,32,76,80,8,0,1
41227,36,5,36,64,78,2,1,0
41232,19,5,19,64,80,0,1,0
41234,101,5,34,61,75,5,0,0
41234,101,5,32,62,78,5,0,0
41234,101,5,35,71,78,5,0,0
41236,23,5,23,50,66,33,1,1
41237,19,5,19,71,85,34,1,1
41274,19,5,19,44,44,28,1,1
41275,34,5,34,66,83,4,0,0
41276,92,5,29,84,80,2,0,0
41276,92,5,32,89,86,2,0,0
41276,92,5,31,76,82,2,0,0
41277,80,5,32,60,64,11,1,0
41277,80,5,33,60,66,11,1,0
41282,64,5,30,59,65,14,1,0
41282,64,5,34,55,68,14,1,0
41284,109,5,36,69,72,8,0,0
41284,109,5,37,67,67,8,0,0
41284,109,5,36,63,68,8,0,0
41285,74,5,37,61,59,21,0,0
41285,74,5,37,60,64,21,0,0
41287,111,5,37,73,80,18,0,1
41287,111,5,37,74,81,18,0,1
41287,111,5,37,60,73,18,0,1
41288,37,5,37,60,64,7,1,1
41289,39,5,14,38,47,44,0,1
41289,39,5,25,46,47,44,0,1
41290,79,5,25,70,80,3,0,0
41290,79,5,29,77,76,3,0,0
41290,79,5,25,74,78,3,0,0
41293,100,5,34,79,76,2,1,0
41293,100,5,34,83,78,2,1,0
41293,100,5,32,82,82,2,1,0
41294,57,5,31,69,76,7,0,1
41294,57,5,26,66,80,7,0,1
41296,47,5,24,71,68,33,1,1
41296,47,5,23,73,71,33,1,1
41298,160,5,40,82,76,8,1,0
41298,160,5,40,77,76,8,1,0
41298,160,5,40,74,75,8,1,0
41298,160,5,40,79,73,8,1,0
41303,94,5,31,66,73,14,1,0
41303,94,5,32,69,77,14,1,0
41303,94,5,31,70,75,14,1,0
41304,41,5,21,69,75,15,1,0
41305,19,5,19,86,84,44,0,1
41306,31,5,31,50,58,40,0,0
41308,70,5,26,69,78,9,1,0
41308,70,5,27,66,69,9,1,0
41315,32,5,20,58,62,38,1,1
41316,46,5,23,68,53,20,0,0
41316,46,5,23,56,55,20,0,0
41319,142,5,35,77,83,3,1,0
41319,142,5,33,71,76,3,1,0
41319,142,5,37,81,80,3,1,0
41319,142,5,37,67,76,3,1,0
41324,53,5,27,47,47,31,1,0
41324,53,5,26,47,41,31,1,0
41325,99,5,29,62,61,17,1,0
41325,99,5,29,68,69,17,1,0
41325,99,5,29,65,73,17,1,0
41326,53,5,27,65,67,47,0,1
41326,53,5,26,59,59,47,0,1
41327,55,5,27,72,73,16,1,0
41327,55,5,28,54,67,16,1,0
41329,137,5,33,80,84,4,0,0
41329,137,5,32,75,78,4,0,0
41329,137,5,34,81,81,4,0,0
41329,137,5,30,80,85,4,0,0
41330,109,5,36,78,78,8,0,0
41330,109,5,38,66,67,8,0,0
41330,109,5,35,63,71,8,0,0
41335,81,5,41,77,82,3,1,0
41335,81,5,40,68,78,3,1,0
41336,21,5,21,75,81,3,0,0
41338,38,5,26,28,35,46,0,1
41339,50,5,27,71,76,16,0,1
41339,50,5,23,73,80,16,0,1
41340,117,5,38,75,83,4,1,0
41340,117,5,37,71,79,4,1,0
41340,117,5,36,70,75,4,1,0
41342,79,5,40,84,82,9,0,0
41342,79,5,39,78,78,9,0,0
41343,98,5,35,70,80,6,1,0
41343,98,5,30,66,76,6,1,0
41343,98,5,33,65,77,6,1,0
41344,71,5,33,88,88,0,0,0
41344,71,5,38,87,86,0,0,0
41345,113,5,39,71,73,4,0,0
41345,113,5,36,68,74,4,0,0
41345,113,5,38,78,75,4,0,0
41346,80,5,40,87,82,5,1,0
41346,80,5,40,85,78,5,1,0
41347,96,5,31,75,75,5,0,0
41347,96,5,32,73,75,5,0,0
41347,96,5,33,82,77,5,0,0
41348,172,5,35,74,87,8,1,0
41348,172,5,35,66,81,8,1,0
41348,172,5,34,66,82,8,1,0
41348,172,5,34,72,88,8,1,0
41348,172,5,34,66,82,8,1,0
41362,62,5,30,77,84,4,0,1
41362,62,5,25,63,83,4,0,1
41363,107,5,37,74,80,8,1,0
41363,107,5,35,71,76,8,1,0
41363,107,5,35,77,85,8,1,0
41364,120,5,36,80,80,4,0,0
41364,120,5,36,78,75,4,0,0
41364,120,5,37,68,76,4,0,0
41365,47,5,36,64,67,43,0,0
41366,84,5,37,76,80,8,1,0
41366,84,5,36,71,76,8,1,0
41367,127,5,31,71,82,3,0,0
41367,127,5,33,79,83,3,0,0
41367,127,5,29,80,82,3,0,0
41367,127,5,34,82,84,3,0,0
41368,84,5,37,71,77,16,0,0
41368,84,5,36,73,75,16,0,0
41369,122,5,31,74,81,4,1,1
41369,122,5,30,79,86,4,1,1
41369,122,5,34,78,83,4,1,1
41370,30,5,30,76,83,4,0,1
41371,39,5,39,73,80,5,1,0
41381,66,5,33,67,62,30,1,0
41381,66,5,33,54,64,30,1,0
41382,121,5,40,68,73,9,0,0
41382,121,5,41,68,74,9,0,0
41382,121,5,40,70,75,9,0,0
41383,177,5,35,80,77,2,0,0
41383,177,5,36,82,80,2,0,0
41383,177,5,36,78,79,2,0,0
41383,177,5,34,78,75,2,0,0
41383,177,5,36,73,80,2,0,0
41384,78,5,32,76,81,5,0,1
41385,160,5,40,76,75,6,1,0
41385,160,5,40,71,79,6,1,0
41385,160,5,40,72,79,6,1,0
41385,160,5,40,72,79,6,1,0
41390,120,5,36,83,83,3,0,0
41390,120,5,39,83,83,3,0,0
41390,120,5,35,86,83,3,0,0
41391,113,5,36,69,75,5,0,0
41391,113,5,38,70,77,5,0,0
41391,113,5,39,74,79,5,0,0
41392,56,5,26,55,57,25,0,0
41392,56,5,30,64,67,25,0,0
41394,60,5,30,77,83,3,0,0
41394,60,5,30,79,79,3,0,0
41397,31,5,31,82,84,0,1,0
41398,35,5,35,60,75,8,1,1
41399,68,5,30,75,80,32,1,1
41399,68,5,28,74,78,32,1,1
41400,94,5,30,64,72,3,1,0
41400,94,5,31,69,79,3,1,0
41400,94,5,33,74,81,3,1,0
41402,120,5,36,66,76,4,1,0
41402,120,5,37,72,77,4,1,0
41402,120,5,39,78,81,4,1,0
41403,21,5,21,76,76,14,0,1
41406,85,5,37,56,61,26,0,1
41406,85,5,36,53,59,26,0,1
41407,153,5,40,75,82,1,0,0
41407,153,5,36,68,79,1,0,0
41407,153,5,39,67,74,1,0,0
41407,153,5,38,70,77,1,0,0
41408,73,5,37,67,71,15,0,0
41408,73,5,36,65,69,15,0,0
41409,117,5,38,82,80,2,1,0
41409,117,5,34,86,82,2,1,0
41409,117,5,35,80,83,2,1,0
41411,29,5,29,63,76,32,1,1
41413,96,5,32,68,66,12,0,0
41413,96,5,33,70,77,12,0,0
41413,96,5,31,67,71,12,0,0
41415,63,5,34,77,78,4,1,0
41415,63,5,29,71,75,4,1,0
41417,79,5,40,60,68,10,0,1
41417,79,5,39,68,78,10,0,1
41418,60,5,30,77,83,5,1,1
41419,34,5,34,59,72,6,0,0
41420,104,5,35,68,73,15,0,0
41420,104,5,34,71,69,15,0,0
41420,104,5,35,71,72,15,0,0
41421,23,5,23,42,51,66,0,1
41423,102,5,34,77,80,7,0,0
41423,102,5,37,80,86,7,0,0
41423,102,5,33,75,80,7,0,0
41424,55,5,28,73,73,7,1,0
41424,55,5,27,63,77,7,1,0
41425,116,5,35,66,71,6,0,1
41425,116,5,36,70,76,6,0,1
41425,116,5,35,66,77,6,0,1
41426,105,5,31,77,82,5,0,1
41426,105,5,27,78,84,5,0,1
41426,105,5,31,82,84,5,0,1
41427,51,5,24,57,62,25,1,1
41427,51,5,27,53,62,25,1,1
41431,96,5,32,74,83,1,0,0
41431,96,5,33,78,79,1,0,0
41431,96,5,31,64,77,1,0,0
41432,69,5,33,75,77,16,0,0
41432,69,5,36,69,74,16,0,0
41433,76,5,37,86,77,3,1,0
41433,76,5,39,79,77,3,1,0
41434,116,5,39,60,74,4,0,0
41434,116,5,40,56,67,4,0,0
41434,116,5,37,62,73,4,0,0
41435,111,5,31,80,80,1,0,0
41435,111,5,36,72,78,1,0,0
41435,111,5,32,76,86,1,0,0
41436,120,5,39,80,80,3,1,0
41436,120,5,41,74,75,3,1,0
41436,120,5,40,72,78,3,1,0
41437,61,5,31,74,77,3,0,0
41437,61,5,30,74,80,3,0,0
41440,80,5,40,65,77,2,0,0
41440,80,5,40,73,80,2,0,0
41441,86,5,38,59,68,1,0,0
41441,86,5,38,69,78,1,0,0
41442,76,5,34,61,71,13,1,0
41442,76,5,33,79,83,13,1,0
41443,97,5,32,62,76,5,0,0
41443,97,5,33,62,70,5,0,0
41443,97,5,32,68,73,5,0,0
41444,65,5,34,83,84,1,1,0
41444,65,5,31,78,75,1,1,0
41445,208,5,35,73,81,13,0,1
41445,208,5,35,75,80,13,0,1
41445,208,5,35,67,84,13,0,1
41445,208,5,34,67,80,13,0,1
41445,208,5,33,70,82,13,0,1
41445,208,5,36,67,80,13,0,1
41447,32,5,32,79,84,0,0,1
41448,73,5,33,64,71,8,1,0
41448,73,5,32,65,70,8,1,0
41449,41,5,41,73,79,13,1,1
41450,95,5,29,88,83,1,0,0
41450,95,5,32,79,83,1,0,0
41450,95,5,34,83,83,1,0,0
41452,114,5,26,62,71,30,1,0
41452,114,5,27,68,75,30,1,0
41452,114,5,30,58,63,30,1,0
41456,38,5,38,82,82,6,1,0
41457,70,5,36,74,76,7,0,0
41457,70,5,34,78,78,7,0,0
41458,72,5,36,53,72,6,0,0
41458,72,5,36,55,77,6,0,0
41462,20,5,20,66,77,4,0,1
41468,44,5,22,88,81,4,0,1
41468,44,5,22,79,80,4,0,1
51002,170,5,31,49,61,17,0,0
51002,170,5,32,59,62,17,0,0
51002,170,5,30,52,55,17,0,0
51002,170,5,33,63,65,17,0,0
51002,170,5,33,66,69,17,0,0
51004,61,5,31,61,65,33,0,0
51004,61,5,30,57,58,33,0,0
51005,94,5,30,54,59,31,0,1
51005,94,5,30,63,69,31,0,1
51005,94,5,34,51,61,31,0,1
51006,36,5,16,48,54,25,0,1
51006,36,5,20,39,51,25,0,1
51007,87,5,37,68,79,7,0,0
51007,87,5,37,67,76,7,0,0
51008,5,5,5,74,70,31,0,1
51009,17,5,17,63,67,11,1,0
51010,51,5,26,55,65,27,1,0
51010,51,5,26,55,68,27,1,0
51011,52,5,28,62,67,18,0,0
51011,52,5,24,66,65,18,0,0
51012,28,5,28,62,72,7,1,0
51014,24,5,24,51,69,19,0,1
51015,46,5,21,61,60,34,0,1
51015,46,5,16,61,66,34,0,1
51016,70,5,35,61,77,10,1,1
51016,70,5,35,67,81,10,1,1
51018,22,5,22,32,49,52,1,1
51019,55,5,25,85,85,2,0,1
51019,55,5,30,74,80,2,0,1
51020,37,5,15,40,55,34,0,1
51020,37,5,22,56,64,34,0,1
51021,145,5,38,70,76,9,0,0
51021,145,5,37,74,75,9,0,0
51021,145,5,36,67,68,9,0,0
51021,145,5,34,73,78,9,0,0
51022,73,5,26,55,68,34,0,0
51022,73,5,23,48,62,34,0,0
51023,111,5,36,54,69,10,1,0
51023,111,5,37,56,71,10,1,0
51023,111,5,38,57,66,10,1,0
51025,115,5,38,62,71,17,0,0
51025,115,5,39,65,72,17,0,0
51025,115,5,38,61,70,17,0,0
51026,51,5,26,57,69,18,1,0
51026,51,5,25,56,61,18,1,0
51027,53,5,26,47,62,42,0,1
51027,53,5,27,49,63,42,0,1
51028,57,5,29,54,69,18,1,1
51028,57,5,28,63,75,18,1,1
51031,80,5,40,75,80,2,1,0
51031,80,5,40,77,81,2,1,0
51032,76,5,31,67,83,2,0,0
51032,76,5,31,62,81,2,0,0
51033,53,5,26,72,76,3,0,0
51033,53,5,27,82,84,3,0,0
51034,47,5,22,73,84,3,1,0
51034,47,5,25,76,83,3,1,0
51035,65,5,33,72,75,2,1,0
51035,65,5,35,72,79,2,1,0
51036,49,5,22,82,83,4,1,1
51036,49,5,27,76,79,4,1,1
51038,70,5,35,72,81,3,0,0
51038,70,5,35,71,83,3,0,0
51039,114,5,38,81,84,6,1,0
51039,114,5,39,74,80,6,1,0
51039,114,5,37,76,79,6,1,0
51040,61,5,33,64,75,11,0,0
51040,61,5,28,60,75,11,0,0
51041,129,5,31,77,81,7,0,0
51041,129,5,32,70,78,7,0,0
51041,129,5,32,62,76,7,0,0
51041,129,5,34,63,72,7,0,0
51042,118,5,32,82,86,15,1,0
51042,118,5,33,74,83,15,1,0
51042,118,5,30,80,81,15,1,0
51042,118,5,28,67,76,15,1,0
51043,96,5,32,84,89,6,1,0
51043,96,5,32,79,85,6,1,0
51043,96,5,32,86,82,6,1,0
51044,61,5,28,63,66,18,1,0
51044,61,5,33,67,68,18,1,0
51045,51,5,24,59,70,10,0,1
51045,51,5,27,68,80,10,0,1
51046,40,5,20,58,67,30,1,1
51046,40,5,20,61,65,30,1,1
51048,130,5,31,67,71,6,0,0
51048,130,5,34,70,78,6,0,0
51048,130,5,30,55,71,6,0,0
51048,130,5,35,67,75,6,0,0
51049,34,5,34,70,68,20,0,0
51050,96,5,34,55,66,12,0,0
51050,96,5,31,63,72,12,0,0
51050,96,5,31,92,92,12,0,0
51051,50,5,25,78,77,8,0,0
51051,50,5,25,62,65,8,0,0
51052,81,5,40,68,71,7,1,0
51052,81,5,41,64,70,7,1,0
51053,35,5,14,45,52,28,1,0
51053,35,5,21,48,61,28,1,0
51054,72,5,36,67,69,6,1,0
51054,72,5,36,63,68,6,1,0
51055,47,5,24,69,72,8,1,0
51055,47,5,23,71,77,8,1,0
51056,115,5,37,71,77,7,0,0
51056,115,5,40,68,79,7,0,0
51056,115,5,38,74,75,7,0,0
51057,65,5,30,48,56,20,0,0
51057,65,5,35,63,66,20,0,0
51058,67,5,33,58,60,12,1,0
51058,67,5,34,51,65,12,1,0
51059,39,5,38,59,69,7,0,0
51062,72,5,38,56,72,19,1,1
51062,72,5,36,59,72,19,1,1
51063,87,5,31,73,77,4,0,0
51063,87,5,28,71,80,4,0,0
51063,87,5,28,75,80,4,0,0
51068,86,5,38,62,72,8,1,0
51068,86,5,37,71,69,8,1,0
51069,53,5,28,68,81,4,1,0
51069,53,5,26,69,82,4,1,0
51070,53,5,26,68,77,3,0,0
51070,53,5,27,74,84,3,0,0
51071,39,5,39,63,74,7,1,0
51072,38,5,38,66,75,10,1,0
51073,35,5,25,64,74,13,1,0
51074,35,5,35,67,78,3,1,0
51075,73,5,37,68,74,3,0,0
51075,73,5,36,70,74,3,0,0
51076,69,5,32,68,75,4,0,0
51076,69,5,37,68,79,4,0,0
51077,103,5,35,62,77,6,0,0
51077,103,5,35,73,81,6,0,0
51077,103,5,33,66,71,6,0,0
51078,47,5,25,68,80,7,1,0
51078,47,5,22,70,80,7,1,0
51079,53,5,28,57,71,21,0,0
51079,53,5,25,55,65,21,0,0
51080,76,5,39,67,76,1,0,0
51080,76,5,38,67,74,1,0,0
51081,49,5,24,68,77,6,0,0
51081,49,5,29,75,77,6,0,0
51082,27,5,27,72,77,4,1,0
51083,74,5,37,73,84,3,0,0
51083,74,5,37,81,83,3,0,0
51084,85,5,37,65,77,8,0,0
51084,85,5,37,67,80,8,0,0
51085,39,5,39,60,76,3,0,0
51086,44,5,23,76,82,2,1,0
51086,44,5,21,68,76,2,1,0
51087,28,5,28,65,77,14,1,1
51088,57,5,26,71,80,10,1,1
51088,57,5,31,71,80,10,1,1
51090,10,5,10,70,81,11,1,1
51091,31,5,31,65,68,19,0,1
51092,131,5,36,78,83,1,1,0
51092,131,5,31,80,81,1,1,0
51092,131,5,31,78,83,1,1,0
51092,131,5,33,78,82,1,1,0
51093,79,5,39,71,81,2,1,0
51093,79,5,40,75,85,2,1,0
51098,69,5,34,83,85,2,0,0
51098,69,5,35,75,86,2,0,0
51100,48,5,36,69,79,4,1,0
51103,103,5,37,82,84,3,0,0
51103,103,5,33,79,85,3,0,0
51103,103,5,33,86,88,3,0,0
51104,51,5,29,78,84,4,0,0
51104,51,5,22,71,78,4,0,0
51107,78,5,39,77,83,3,0,0
51107,78,5,39,81,81,3,0,0
51111,55,5,18,60,68,18,1,0
51111,55,5,25,71,74,18,1,0
51112,54,5,25,72,82,9,1,0
51112,54,5,22,68,78,9,1,0
51116,85,5,25,77,81,19,0,0
51116,85,5,26,66,71,19,0,0
51116,85,5,24,74,79,19,0,0
51117,48,5,26,71,79,12,1,0
51117,48,5,22,65,73,12,1,0
51118,62,5,32,75,82,23,1,0
51118,62,5,29,83,78,23,1,0
51119,47,5,21,59,68,19,0,0
51119,47,5,26,54,67,19,0,0
51120,51,5,26,59,73,20,0,0
51120,51,5,25,46,57,20,0,0
51121,58,5,26,68,87,3,1,0
51121,58,5,32,78,87,3,1,0
51122,61,5,31,77,81,4,0,0
51122,61,5,30,94,92,4,0,0
51124,99,5,28,82,86,6,1,0
51124,99,5,26,79,80,6,1,0
51124,99,5,31,76,80,6,1,0
51126,20,5,20,85,79,8,0,0
51127,44,5,22,62,59,15,0,0
51127,44,5,22,71,75,15,0,0
51130,49,5,21,66,73,14,0,0
51130,49,5,19,68,75,14,0,0
51132,27,5,27,77,86,9,0,0
51133,59,5,28,78,76,15,1,0
51133,59,5,31,80,80,15,1,0
51135,76,5,27,69,84,4,0,0
51135,76,5,33,81,89,4,0,0
51138,32,5,32,89,85,5,0,0
51145,77,5,34,63,69,7,1,0
51145,77,5,32,70,74,7,1,0
51147,90,5,27,68,75,40,0,0
51147,90,5,23,61,65,40,0,0
51147,90,5,26,66,64,40,0,0
51157,53,5,27,86,90,0,1,0
51157,53,5,26,85,87,0,1,0
51163,75,5,40,79,83,4,0,0
51163,75,5,35,83,89,4,0,0
51164,89,5,32,67,76,13,1,0
51164,89,5,29,72,75,13,1,0
51164,89,5,28,71,78,13,1,0
51165,52,5,27,83,82,20,1,0
51165,52,5,25,65,77,20,1,0
51166,50,5,28,78,79,3,1,0
51166,50,5,22,69,78,3,1,0
51167,59,5,30,79,83,10,0,0
51167,59,5,29,75,68,10,0,0
51172,69,5,28,67,83,6,1,0
51172,69,5,29,74,77,6,1,0
51178,40,5,29,67,75,20,0,1
51179,39,5,19,66,74,5,1,1
51179,39,5,20,60,70,5,1,1
51181,8,5,8,46,58,31,0,1
51186,62,5,29,66,77,12,1,1
51186,62,5,24,78,80,12,1,1
51188,65,5,32,82,86,6,1,1
51188,65,5,33,78,84,6,1,1
51189,17,5,17,64,72,17,0,1
51190,28,5,28,66,86,2,1,1
51193,23,5,23,52,68,27,0,1
51194,76,5,24,63,77,11,0,1
51194,76,5,25,56,70,11,0,1
51194,76,5,27,53,67,11,0,1
51199,29,5,29,82,88,2,0,1
51203,69,5,35,58,70,35,1,1
51203,69,5,34,55,70,35,1,1
51208,12,5,12,47,59,28,1,1
51244,50,5,27,71,82,1,0,0
51244,50,5,23,69,84,1,0,0
51246,79,5,35,79,82,4,0,0
51246,79,5,35,84,79,4,0,0
51247,59,5,21,75,79,5,0,1
51247,59,5,38,85,85,5,0,1
51255,118,5,40,62,75,9,1,0
51255,118,5,40,61,71,9,1,0
51256,79,5,40,61,69,10,0,0
51256,79,5,39,60,73,10,0,0
51257,106,5,30,64,74,20,0,1
51257,106,5,39,63,74,20,0,1
51257,106,5,37,54,65,20,0,1
51259,90,5,29,69,79,4,0,0
51259,90,5,30,80,75,4,0,0
51259,90,5,31,70,77,4,0,0
51263,33,5,33,72,79,2,0,1
51266,122,5,41,79,82,1,0,0
51266,122,5,41,80,86,1,0,0
51266,122,5,40,72,80,1,0,0
51267,52,5,28,49,57,17,1,0
51267,52,5,24,47,62,17,1,0
51269,66,5,33,64,75,14,1,0
51269,66,5,33,70,77,14,1,0
51273,43,5,22,68,79,8,0,0
51273,43,5,21,68,77,8,0,0
51275,83,5,32,82,82,8,1,0
51275,83,5,38,89,90,8,1,0
51276,82,5,28,76,83,14,0,1
51276,82,5,30,57,68,14,0,1
51276,82,5,24,48,60,14,0,1
51277,81,5,26,62,69,13,0,0
51277,81,5,26,55,66,13,0,0
51277,81,5,29,57,66,13,0,0
51278,79,5,29,75,79,0,1,0
51278,79,5,25,76,78,0,1,0
51278,79,5,25,68,79,0,1,0
51279,87,5,28,70,75,7,0,0
51279,87,5,28,79,81,7,0,0
51279,87,5,32,84,80,7,0,0
51281,49,5,26,62,76,13,1,0
51281,49,5,23,63,71,13,1,0
51282,70,5,37,64,67,12,1,0
51282,70,5,34,62,73,12,1,0
51283,87,5,30,72,78,15,0,0
51283,87,5,29,65,73,15,0,0
51283,87,5,28,63,71,15,0,0
51287,99,5,33,71,76,7,0,0
51287,99,5,33,57,67,7,0,0
51287,99,5,33,61,67,7,0,0
51288,41,5,20,56,70,21,0,1
51288,41,5,21,50,71,21,0,1
51289,40,5,40,62,68,14,1,0
51290,99,5,33,80,87,1,0,0
51290,99,5,33,84,87,1,0,0
51290,99,5,33,81,79,1,0,0
51291,77,5,31,64,73,31,1,0
51291,77,5,31,50,63,31,1,0
51295,47,5,26,69,79,3,1,0
51295,47,5,21,73,80,3,1,0
51296,85,5,29,67,80,18,1,1
51296,85,5,26,73,81,18,1,1
51296,85,5,30,78,85,18,1,1
51297,56,5,31,60,70,9,0,0
51297,56,5,25,67,78,9,0,0
51298,98,5,33,57,73,8,1,0
51298,98,5,30,69,77,8,1,0
51298,98,5,35,52,69,8,1,0
51299,59,5,30,71,78,3,1,0
51299,59,5,29,73,80,3,1,0
51300,71,5,35,58,72,5,0,0
51300,71,5,36,62,68,5,0,0
51302,76,5,38,63,73,10,0,0
51302,76,5,38,73,77,10,0,0
51303,95,5,33,67,75,13,0,0
51303,95,5,29,57,72,13,0,0
51303,95,5,34,79,85,13,0,0
51304,92,5,28,65,71,15,1,0
51304,92,5,12,69,81,15,1,0
51304,92,5,29,70,72,15,1,0
51305,45,5,23,76,85,1,1,0
51305,45,5,22,77,81,1,1,0
51307,80,5,26,85,85,0,0,0
51307,80,5,29,83,88,0,0,0
51307,80,5,25,87,86,0,0,0
51308,34,5,27,56,70,14,0,0
51309,94,5,32,65,76,5,0,0
51309,94,5,32,79,81,5,0,0
51309,94,5,30,72,77,5,0,0
51310,79,5,28,53,69,14,1,0
51310,79,5,24,39,61,14,1,0
51310,79,5,27,45,57,14,1,0
51311,108,5,36,60,74,5,0,0
51311,108,5,36,56,74,5,0,0
51311,108,5,36,78,81,5,0,0
51312,54,5,27,65,69,23,1,0
51312,54,5,27,65,75,23,1,0
51313,84,5,29,65,78,9,1,0
51313,84,5,30,68,77,9,1,0
51313,84,5,25,62,74,9,1,0
51314,119,5,41,68,75,11,0,0
51314,119,5,40,66,75,11,0,0
51314,119,5,38,66,75,11,0,0
51315,80,5,40,60,71,9,1,0
51315,80,5,40,58,75,9,1,0
51316,46,5,22,78,82,2,1,0
51316,46,5,24,77,84,2,1,0
51317,74,5,37,71,75,8,1,0
51317,74,5,37,71,77,8,1,0
51318,92,5,30,82,86,4,0,0
51318,92,5,29,77,75,4,0,0
51318,92,5,33,74,82,4,0,0
51319,70,5,28,67,70,8,0,0
51319,70,5,31,70,74,8,0,0
51320,118,5,39,64,76,5,1,0
51320,118,5,39,67,76,5,1,0
51320,118,5,40,59,66,5,1,0
51322,45,5,22,71,80,1,1,0
51322,45,5,23,86,90,1,1,0
51323,41,5,41,86,89,2,1,0
51324,93,5,32,60,70,10,1,0
51324,93,5,31,59,73,10,1,0
51324,93,5,30,70,75,10,1,0
51330,114,5,38,57,64,8,1,0
51330,114,5,38,66,72,8,1,0
51330,114,5,38,74,74,8,1,0
51331,85,5,37,79,84,6,1,0
51331,85,5,39,79,84,6,1,0
51332,107,5,35,76,79,4,0,0
51332,107,5,36,73,77,4,0,0
51332,107,5,36,69,77,4,0,0
51333,119,5,36,71,75,6,0,0
51333,119,5,34,76,80,6,0,0
51333,119,5,38,76,78,6,0,0
51334,119,5,39,75,87,0,1,0
51334,119,5,38,73,87,0,1,0
51334,119,5,42,78,85,0,1,0
51335,72,5,36,72,80,3,1,0
51335,72,5,36,70,77,3,1,0
51338,80,5,39,52,63,12,0,1
51338,80,5,41,54,65,12,0,1
51339,71,5,39,82,83,18,0,0
51339,71,5,34,69,77,18,0,0
51340,67,5,23,77,78,8,0,0
51340,67,5,24,66,71,8,0,0
51340,67,5,20,69,73,8,0,0
51341,85,5,29,69,73,10,0,0
51341,85,5,28,64,75,10,0,0
51341,85,5,28,79,82,10,0,0
51346,99,5,33,57,64,13,0,0
51346,99,5,33,56,58,13,0,0
51346,99,5,33,57,64,13,0,0
51347,154,5,38,65,67,4,0,0
51347,154,5,39,60,75,4,0,0
51347,154,5,40,64,70,4,0,0
51347,154,5,37,69,72,4,0,0
51352,118,5,39,82,83,3,0,0
51352,118,5,39,83,84,3,0,0
51352,118,5,40,80,82,3,0,0
51353,70,5,34,57,74,9,0,0
51353,70,5,36,65,70,9,0,0
51354,104,5,34,66,74,6,0,0
51354,104,5,35,60,71,6,0,0
51354,104,5,35,57,74,6,0,0
51356,27,5,27,56,70,23,1,1
51360,99,5,30,72,80,3,1,0
51360,99,5,35,73,77,3,1,0
51360,99,5,33,74,80,3,1,0
51361,74,5,37,66,77,5,1,0
51361,74,5,37,72,81,5,1,0
51364,63,5,31,73,76,9,0,0
51364,63,5,32,74,78,9,0,0
51365,68,5,34,70,86,0,1,0
51365,68,5,34,76,88,0,1,0
51367,12,5,12,64,74,24,0,1
51368,66,5,32,78,88,1,0,0
51368,66,5,34,80,89,1,0,0
51369,76,5,23,57,70,10,1,0
51369,76,5,27,63,68,10,1,0
51369,76,5,26,53,70,10,1,0
51371,142,5,37,77,76,4,1,0
51371,142,5,37,69,78,4,1,0
51371,142,5,38,74,77,4,1,0
51371,142,5,30,72,73,4,1,0
51372,106,5,34,57,71,9,1,0
51372,106,5,37,70,77,9,1,0
51372,106,5,35,66,75,9,1,0
51375,28,5,28,55,58,16,1,0
51412,37,5,37,67,72,3,0,0
61001,55,5,28,62,64,45,1,1
61001,55,5,27,57,73,45,1,1
61003,69,5,29,66,79,10,0,0
61003,69,5,26,62,73,10,0,0
61004,18,5,18,71,74,14,1,1
61005,49,5,38,67,76,26,0,0
61006,24,5,24,67,64,33,1,0
61007,44,5,36,69,72,32,0,0
61008,33,5,24,58,74,50,1,1
61009,88,5,41,63,76,15,0,0
61009,88,5,40,61,76,15,0,0
61012,61,5,29,72,81,7,1,0
61012,61,5,32,69,77,7,1,0
61013,36,5,18,64,64,32,0,0
61013,36,5,18,68,68,32,0,0
61016,61,5,30,70,69,28,1,0
61016,61,5,31,67,68,28,1,0
61018,66,5,34,77,80,14,1,1
61018,66,5,32,66,79,14,1,1
61019,30,5,30,75,78,44,0,1
61020,72,5,31,56,67,48,1,1
61020,72,5,30,67,69,48,1,1
61021,110,5,30,62,77,4,0,0
61021,110,5,34,63,71,4,0,0
61021,110,5,31,64,80,4,0,0
61022,13,5,12,68,73,1,0,0
61023,89,5,32,58,74,23,1,0
61023,89,5,29,60,74,23,1,0
61023,89,5,32,55,72,23,1,0
61024,89,5,35,59,79,20,1,0
61024,89,5,28,62,76,20,1,0
61024,89,5,27,59,68,20,1,0
61025,62,5,33,66,66,23,0,0
61025,62,5,32,60,70,23,0,0
61026,55,5,28,63,64,31,0,0
61026,55,5,28,53,60,31,0,0
61027,69,5,35,57,62,31,1,0
61027,69,5,36,54,62,31,1,0
61030,57,5,28,71,72,15,0,0
61030,57,5,29,68,74,15,0,0
61031,38,5,38,67,67,28,0,0
61032,109,5,28,59,66,17,0,0
61032,109,5,30,64,69,17,0,0
61032,109,5,28,56,60,17,0,0
61033,93,5,33,60,66,10,0,0
61033,93,5,32,65,65,10,0,0
61033,93,5,33,54,59,10,0,0
61035,23,5,22,52,71,38,0,1
61037,73,5,31,62,73,20,1,1
61037,73,5,42,66,81,20,1,1
61038,47,5,25,65,69,40,1,1
61038,47,5,22,56,66,40,1,1
61040,21,5,21,47,58,53,0,1
61042,31,5,23,56,66,45,0,1
61047,20,5,20,71,77,36,1,1
61049,98,5,33,70,78,2,1,0
61049,98,5,30,65,79,2,1,0
61049,98,5,31,65,78,2,1,0
61055,62,5,29,69,79,9,1,1
61055,62,5,33,71,83,9,1,1
61058,57,5,29,79,74,32,0,0
61058,57,5,28,62,69,32,0,0
61063,21,5,21,60,70,0,0,0
61064,14,5,16,77,83,1,1,0
61065,24,5,24,75,87,1,0,0
61070,101,5,31,49,58,35,0,0
61070,101,5,31,41,60,35,0,0
61070,101,5,31,46,62,35,0,0
61073,68,5,29,78,82,30,0,0
61073,68,5,29,81,77,30,0,0
61074,92,5,24,73,75,5,1,0
61074,92,5,28,74,79,5,1,0
61074,92,5,28,73,77,5,1,0
61077,24,5,23,67,71,34,0,1
61079,52,5,28,76,79,12,0,0
61079,52,5,28,67,73,12,0,0
61080,25,5,26,64,81,2,0,0
61081,15,5,15,76,80,2,1,0
61084,27,5,27,64,80,3,1,0
61085,55,5,24,73,81,25,0,0
61085,55,5,31,73,81,25,0,0
61089,66,5,32,66,77,4,1,0
61089,66,5,34,65,74,4,1,0
61093,59,5,24,41,68,50,1,1
61093,59,5,26,50,64,50,1,1
61095,26,5,26,66,79,5,0,1
61101,62,5,32,71,77,24,1,0
61101,62,5,32,64,71,24,1,0
61102,66,5,31,76,81,17,1,0
61102,66,5,31,74,84,17,1,0
61103,69,5,35,65,71,54,0,1
61103,69,5,34,63,74,54,0,1
61104,34,5,20,67,76,35,0,1
61104,34,5,14,51,65,35,0,1
61105,80,5,36,62,65,24,0,0
61105,80,5,35,62,72,24,0,0
61106,62,5,25,47,62,46,0,1
61106,62,5,35,63,71,46,0,1
61108,13,5,14,63,80,0,1,0
61116,42,5,44,66,58,38,1,0
61117,41,5,23,73,78,52,0,1
61117,41,5,18,46,58,52,0,1
61121,28,5,22,55,68,32,1,1
61124,20,5,20,52,64,58,1,1
61136,36,5,39,76,85,27,1,0
61137,51,5,24,60,71,35,0,1
61137,51,5,26,48,69,35,0,1
61138,72,5,30,59,56,31,0,0
61138,72,5,12,58,65,31,0,0
61139,28,5,28,58,68,49,1,1
61140,36,5,34,51,65,25,1,0
61141,47,5,23,51,67,52,1,1
61141,47,5,27,63,73,52,1,1
61142,27,5,9,50,46,51,0,1
61143,110,5,33,73,75,21,0,0
61143,110,5,33,65,70,21,0,0
61143,110,5,12,72,78,21,0,0
61145,65,5,33,64,78,6,0,0
61145,65,5,32,60,80,6,0,0
61149,62,5,32,66,64,37,1,0
61149,62,5,31,52,57,37,1,0
61150,38,5,39,50,65,46,0,0
61151,42,5,20,63,70,42,0,1
61151,42,5,22,73,76,42,0,1
61152,30,5,30,70,78,32,1,0
61156,15,5,15,53,59,67,0,1
61157,60,5,32,68,75,10,1,0
61157,60,5,34,74,71,10,1,0
61163,53,5,21,71,71,51,0,1
61163,53,5,22,62,64,51,0,1
61165,56,5,28,54,69,60,0,1
61165,56,5,29,44,38,60,0,1
61169,50,5,24,61,74,25,1,0
61169,50,5,24,69,78,25,1,0
61171,19,5,19,77,85,2,0,0
61172,38,5,38,60,71,43,1,0
61173,9,5,11,56,67,36,0,1
61174,55,5,28,62,71,13,0,0
61174,55,5,29,66,71,13,0,0
61178,57,5,21,62,69,52,0,1
61178,57,5,25,51,66,52,0,1
61179,88,5,29,63,66,21,0,0
61179,88,5,31,76,74,21,0,0
61179,88,5,28,72,79,21,0,0
61183,85,5,28,73,81,11,1,0
61183,85,5,30,73,81,11,1,0
61183,85,5,29,70,74,11,1,0
61186,60,5,30,72,82,4,1,0
61186,60,5,30,79,80,4,1,0
61188,56,5,25,55,74,20,1,0
61188,56,5,25,64,71,20,1,0
61190,36,5,43,60,58,44,1,1
61193,68,5,36,55,60,17,0,0
61193,68,5,35,60,62,17,0,0
61196,49,5,27,62,67,23,0,0
61196,49,5,28,52,65,23,0,0
61197,56,5,21,49,63,42,1,1
61197,56,5,24,45,57,42,1,1
61198,16,5,16,74,82,0,1,0
61199,43,5,22,70,68,46,0,0
61199,43,5,21,53,66,46,0,0
61202,82,5,36,74,78,19,1,0
61202,82,5,32,75,79,19,1,0
61203,31,5,19,41,64,52,0,1
61204,71,5,28,67,70,17,1,0
61204,71,5,29,75,77,17,1,0
61205,55,5,27,44,52,35,0,1
61205,55,5,28,46,61,35,0,1
61209,30,5,30,63,76,3,1,0
61211,22,5,21,62,70,53,0,1
61213,48,5,23,67,81,0,1,0
61213,48,5,23,62,81,0,1,0
61218,30,5,29,52,54,43,1,0
61219,74,5,31,63,75,5,0,0
61219,74,5,32,51,70,5,0,0
61220,21,5,21,72,65,48,1,1
61221,102,5,29,57,68,26,0,0
61221,102,5,28,57,66,26,0,0
61221,102,5,31,59,70,26,0,0
61223,42,5,21,56,69,24,1,1
61223,42,5,22,59,68,24,1,1
61224,56,5,29,65,75,1,1,0
61224,56,5,27,60,73,1,1,0
61227,53,5,29,63,58,33,0,0
61227,53,5,28,55,64,33,0,0
61228,57,5,29,70,66,17,1,0
61228,57,5,29,67,75,17,1,0
61231,37,5,37,66,79,23,0,1
61232,48,5,23,70,79,12,0,0
61232,48,5,25,67,78,12,0,0
61233,109,5,36,65,73,8,1,0
61233,109,5,36,63,72,8,1,0
61233,109,5,38,67,77,8,1,0
61235,25,5,21,53,75,19,1,1
61237,95,5,32,57,71,8,0,0
61237,95,5,32,57,73,8,0,0
61237,95,5,32,54,66,8,0,0
61238,48,5,23,55,68,26,1,1
61238,48,5,25,61,70,26,1,1
61239,71,5,34,56,62,26,1,0
61239,71,5,36,58,69,26,1,0
61240,54,5,20,56,71,44,0,1
61240,54,5,21,50,61,44,0,1
61243,23,5,22,56,61,66,1,1
61244,100,5,32,71,77,22,0,1
61244,100,5,8,60,69,22,0,1
61244,100,5,30,69,76,22,0,1
61246,25,5,26,43,51,59,1,1
61248,62,5,31,58,65,19,1,0
61248,62,5,34,58,57,19,1,0
61251,59,5,30,58,70,27,0,0
61251,59,5,29,60,66,27,0,0
61252,96,5,26,70,77,42,1,1
61252,96,5,29,65,68,42,1,1
61252,96,5,29,69,74,42,1,1
61253,74,5,37,61,68,16,0,0
61253,74,5,37,71,74,16,0,0
61254,54,5,32,58,74,10,0,0
61254,54,5,32,60,75,10,0,0
61255,69,5,35,68,74,23,1,0
61255,69,5,35,66,82,23,1,0
61256,67,5,35,78,77,5,1,0
61256,67,5,32,73,78,5,1,0
61261,63,5,30,47,61,23,1,0
61261,63,5,33,54,61,23,1,0
61262,61,5,30,54,71,13,0,0
61262,61,5,30,59,70,13,0,0
61265,43,5,22,71,80,36,1,1
61265,43,5,21,71,74,36,1,1
61269,89,5,28,68,71,10,1,0
61269,89,5,30,61,72,10,1,0
61269,89,5,29,64,74,10,1,0
61270,9,5,9,71,83,0,1,0
61271,21,5,15,58,66,34,0,1
61274,45,5,27,60,70,16,0,0
61277,62,5,32,55,68,24,1,0
61277,62,5,32,56,61,24,1,0
61278,77,5,31,67,76,15,0,0
61278,77,5,33,67,74,15,0,0
61284,68,5,35,70,72,25,0,0
61284,68,5,34,75,75,25,0,0
61290,48,5,25,60,67,29,1,0
61290,48,5,23,52,65,29,1,0
61291,194,5,40,58,67,8,0,0
61291,194,5,40,61,76,8,0,0
61291,194,5,39,65,78,8,0,0
61291,194,5,39,62,78,8,0,0
61291,194,5,37,65,71,8,0,0
61292,43,5,22,48,62,49,0,1
61292,43,5,21,64,72,49,0,1
61293,71,5,31,62,74,7,1,1
61293,71,5,35,57,77,7,1,1
61294,47,5,23,65,78,36,0,1
61294,47,5,24,60,82,36,0,1
61297,78,5,34,66,67,23,1,0
61297,78,5,34,59,70,23,1,0
61298,73,5,31,77,75,7,0,0
61298,73,5,28,69,67,7,0,0
61299,28,5,20,38,57,19,0,1
61300,65,5,33,54,64,12,1,0
61300,65,5,30,46,56,12,1,0
61305,30,5,29,58,61,44,1,1
61308,42,5,28,58,71,40,1,1
61311,68,5,33,58,64,25,1,0
61311,68,5,35,68,64,25,1,0
61312,34,5,34,52,59,41,0,1
61314,22,5,22,63,74,36,0,1
61316,72,5,35,74,77,9,0,0
61316,72,5,28,81,83,9,0,0
61317,52,5,28,76,80,5,0,1
61317,52,5,26,62,72,5,0,1
61318,28,5,28,64,67,54,0,1
61320,79,5,39,62,75,11,1,0
61320,79,5,40,72,75,11,1,0
61321,64,5,34,44,56,35,1,0
61321,64,5,31,45,62,35,1,0
61325,49,5,24,71,74,17,1,0
61325,49,5,25,75,72,17,1,0
61326,46,5,23,72,80,18,1,0
61326,46,5,23,72,79,18,1,0
61327,71,5,36,69,81,5,0,0
61327,71,5,35,73,80,5,0,0
61329,100,5,34,74,69,16,0,0
61329,100,5,33,72,71,16,0,0
61329,100,5,33,67,76,16,0,0
61331,53,5,27,67,76,8,1,0
61331,53,5,28,68,74,8,1,0
61332,35,5,37,45,65,7,1,0
61334,15,5,16,70,85,3,0,1
61335,54,5,26,64,73,30,0,0
61335,54,5,28,54,66,30,0,0
61338,61,5,31,52,61,12,1,0
61338,61,5,30,56,72,12,1,0
61339,60,5,24,59,72,36,0,1
61339,60,5,27,54,70,36,0,1
61340,142,5,32,62,74,15,0,0
61340,142,5,34,68,76,15,0,0
61340,142,5,35,68,81,15,0,0
61340,142,5,30,68,76,15,0,0
61341,76,5,39,71,74,2,0,0
61341,76,5,39,73,81,2,0,0
61343,32,5,34,69,76,21,1,1
61344,27,5,27,93,86,4,1,0
61345,14,5,15,65,78,16,0,1
61346,76,5,39,69,80,5,0,0
61346,76,5,38,80,80,5,0,0
61347,17,5,16,49,63,65,1,1
61348,31,5,31,89,90,3,1,1
61349,34,5,34,66,72,34,1,1
61350,28,5,28,71,79,20,0,1
61351,19,5,19,68,81,26,1,1
61363,27,5,27,70,79,22,0,0
61364,70,5,38,70,77,0,0,0
61364,70,5,32,70,82,0,0,0
61365,20,5,20,50,62,60,1,1